match_id,match_date,home_team,away_team,home_avg_goals_scored,home_avg_goals_conceded,home_avg_points,home_avg_goal_diff,home_rest_days,away_avg_goals_scored,away_avg_goals_conceded,away_avg_points,away_avg_goal_diff,away_rest_days,diff_avg_goals_scored,diff_avg_goals_conceded,diff_avg_points,diff_avg_goal_diff,diff_rest_days,home_formation,away_formation,formation_match,label_goal_diff,label_result
69238,2010-02-27,Barcelona,Málaga,2.2,0.6,2.4,1.6,7,0.2,3.6,0.0,-3.4,154,2.0,-3.0,2.4,5.0,-147,-1,-1,1,1,H
69243,2010-01-16,Barcelona,Sevilla,2.4,0.4,2.6,2.0,6,1.0,2.0,0.8,-1.0,413,1.4,-1.6,1.8,3.0,-407,-1,-1,1,4,H
69241,2010-05-04,Barcelona,Tenerife,2.4,0.4,2.6,2.0,3,0.0,0.0,0.0,0.0,114,2.4,0.4,2.6,2.0,-111,-1,-1,1,3,H
69239,2010-05-08,Sevilla,Barcelona,0.8,2.2,0.8,-1.4,112,2.8,0.6,2.6,2.2,4,-1.9999999999999998,1.6,-1.8,-3.6,108,-1,-1,1,-1,A
69257,2010-03-24,Barcelona,Osasuna,3.0,1.0,2.6,2.0,3,0.6,2.2,0.2,-1.6,144,2.4,-1.2000000000000002,2.4,3.6,-141,-1,-1,1,2,H
69253,2009-10-25,Barcelona,Real Zaragoza,2.4,0.6,2.6,1.8,8,1.0,1.8,0.8,-0.8,617,1.4,-1.2000000000000002,1.8,2.6,-609,-1,-1,1,5,H
69244,2010-05-01,Villarreal,Barcelona,1.8,1.6,1.4,0.2,356,2.4,0.4,2.6,2.0,7,-0.5999999999999999,1.2000000000000002,-1.2000000000000002,-1.8,349,-1,-1,1,-3,A
69277,2009-10-31,Osasuna,Barcelona,0.4,2.6,0.0,-2.2,293,2.6,0.4,2.6,2.2,6,-2.2,2.2,-2.6,-4.4,287,-1,-1,1,0,D
69229,2009-09-12,Getafe,Barcelona,0.6,1.4,0.6,-0.8,147,2.8,1.4,2.2,1.4,125,-2.1999999999999997,0.0,-1.6,-2.2,22,-1,-1,1,-2,A
69219,2010-01-10,Tenerife,Barcelona,0.0,0.0,0.0,0.0,7,2.2,0.8,2.6,1.4,36,-2.2,-0.8,-2.6,-1.4,-29,-1,-1,1,-5,A
69218,2009-12-05,RC Deportivo La Coruña,Barcelona,0.75,2.5,0.25,-1.75,322,1.8,0.8,2.2,1.0,3,-1.05,1.7,-1.9500000000000002,-2.75,319,-1,-1,1,-2,A
69250,2009-11-07,Barcelona,Mallorca,2.0,0.4,2.2,1.6,7,1.0,2.0,1.0,-1.0,545,1.0,-1.6,1.2000000000000002,2.6,-538,-1,-1,1,2,H
69242,2010-05-16,Barcelona,Real Valladolid,2.8,1.0,2.6,1.8,8,0.25,2.75,0.25,-2.5,113,2.55,-1.75,2.35,4.3,-105,-1,-1,1,4,H
69256,2009-10-03,Barcelona,Almería,3.2,1.2,2.6,2.0,7,0.0,3.0,0.0,-3.0,202,3.2,-1.8,2.6,5.0,-195,-1,-1,1,1,H
69298,2010-03-27,Mallorca,Barcelona,1.25,2.5,0.75,-1.25,140,2.6,1.0,2.6,1.6,3,-1.35,1.5,-1.85,-2.85,137,-1,-1,1,-1,A
69259,2010-04-10,Real Madrid,Barcelona,1.8,2.6,0.8,-0.8,132,2.8,0.6,3.0,2.2,7,-0.9999999999999998,2.0,-2.2,-3.0,125,-1,-1,1,-2,A
69224,2010-03-14,Barcelona,Valencia,2.2,1.2,2.0,1.0,8,0.4,3.0,0.4,-2.6,148,1.8000000000000003,-1.8,1.6,3.6,-140,-1,-1,1,3,H
69210,2010-01-23,Real Valladolid,Barcelona,0.3333333333333333,2.6666666666666665,0.3333333333333333,-2.3333333333333335,294,3.0,0.2,3.0,2.8,7,-2.6666666666666665,2.4666666666666663,-2.6666666666666665,-5.133333333333333,287,-1,-1,1,-3,A
69220,2010-01-30,Sporting Gijón,Barcelona,0.0,0.0,0.0,0.0,356,3.4,0.2,3.0,3.2,7,-3.4,-0.2,-3.0,-3.2,349,-1,-1,1,-1,A
69237,2010-02-14,Atlético Madrid,Barcelona,2.2,3.8,1.2,-1.6,148,3.0,0.2,3.0,2.8,8,-0.7999999999999998,3.5999999999999996,-1.8,-4.4,140,-1,-1,1,1,H
69226,2010-03-06,Almería,Barcelona,0.0,2.5,0.0,-2.5,154,2.0,0.8,2.4,1.2,7,-2.0,1.7,-2.4,-3.7,147,-1,-1,1,0,D
69252,2009-10-17,Valencia,Barcelona,0.8,3.2,0.8,-2.4,175,2.8,0.6,3.0,2.2,14,-1.9999999999999998,2.6,-2.2,-4.6,161,-1,-1,1,0,D
69255,2009-09-26,Málaga,Barcelona,0.25,4.0,0.0,-3.75,188,4.0,1.6,2.6,2.4,4,-3.75,2.4,-2.6,-6.15,184,-1,-1,1,-2,A
69214,2010-04-24,Barcelona,Xerez,2.0,0.2,2.6,1.8,7,0.0,0.0,0.0,0.0,143,2.0,0.2,2.6,1.8,-136,-1,-1,1,2,H
69262,2009-11-29,Barcelona,Real Madrid,2.4,1.0,1.8,1.4,8,2.2,2.4,1.4,-0.2,211,0.19999999999999973,-1.4,0.40000000000000013,1.5999999999999999,-203,-1,-1,1,1,H
69240,2010-02-06,Barcelona,Getafe,3.2,0.2,3.0,3.0,7,0.6,1.4,0.6,-0.8,147,2.6,-1.2,2.4,3.8,-140,-1,-1,1,1,H
69233,2010-02-20,Barcelona,Racing Santander,2.2,0.6,2.4,1.6,6,0.6,1.6,0.4,-1.0,151,1.6,-1.0,2.0,2.6,-145,-1,-1,1,4,H
69213,2010-04-17,Espanyol,Barcelona,1.2,1.2,1.2,0.0,420,2.4,0.2,3.0,2.2,3,-1.2,1.0,-1.8,-2.2,417,-1,-1,1,0,D
69267,2009-12-02,Xerez,Barcelona,0.0,0.0,0.0,0.0,7,2.6,1.0,2.2,1.6,3,-2.6,-1.0,-2.2,-1.6,4,-1,-1,1,-2,A
69288,2009-11-21,Athletic Club,Barcelona,0.6,2.4,0.2,-1.8,259,2.4,0.8,2.2,1.6,14,-1.7999999999999998,1.5999999999999999,-2.0,-3.4000000000000004,245,-1,-1,1,0,D
69254,2009-09-22,Racing Santander,Barcelona,0.4,1.2,0.4,-0.8,233,3.6,1.8,2.2,1.8,3,-3.2,-0.6000000000000001,-1.8000000000000003,-2.6,230,-1,-1,1,-3,A
69292,2009-09-19,Barcelona,Atlético Madrid,2.8,1.4,2.2,1.4,7,1.8,4.0,1.2,-2.2,202,0.9999999999999998,-2.6,1.0000000000000002,3.6,-195,-1,-1,1,3,H
69227,2010-03-21,Real Zaragoza,Barcelona,0.8,2.6,0.6,-1.8,147,2.4,1.0,2.0,1.4,7,-1.5999999999999999,1.6,-1.4,-3.2,140,-1,-1,1,-2,A
69247,2010-04-03,Barcelona,Athletic Club,2.4,0.8,2.6,1.6,7,0.6,2.0,0.4,-1.4,133,1.7999999999999998,-1.2,2.2,3.0,-126,-1,-1,1,3,H
69221,2010-04-14,Barcelona,RC Deportivo La Coruña,2.6,0.6,3.0,2.0,4,0.8,2.6,0.2,-1.8,130,1.8,-2.0,2.8,3.8,-126,-1,-1,1,3,H
69276,2011-02-05,Barcelona,Atlético Madrid,3.8,0.4,3.0,3.4,7,2.0,3.4,1.2,-1.4,139,1.7999999999999998,-3.0,1.8,4.8,-132,-1,-1,1,3,H
69304,2011-04-02,Villarreal,Barcelona,1.8,2.6,0.8,-0.8,140,1.6,0.4,2.6,1.2,14,0.19999999999999996,2.2,-1.8,-2.0,126,-1,-1,1,-1,A
69307,2010-12-04,Osasuna,Barcelona,0.6,2.0,0.2,-1.4,255,4.8,0.4,3.0,4.4,5,-4.2,1.6,-2.8,-5.800000000000001,250,-1,-1,1,-3,A
69271,2011-04-23,Barcelona,Osasuna,1.6,0.8,2.2,0.8,7,0.6,2.0,0.2,-1.4,140,1.0,-1.2,2.0,2.2,-133,-1,-1,1,2,H
69305,2011-04-09,Barcelona,Almería,1.2,0.4,2.6,0.8,7,0.4,3.6,0.2,-3.2,140,0.7999999999999999,-3.2,2.4,4.0,-133,-1,-1,1,2,H
69278,2011-01-16,Barcelona,Málaga,4.4,0.2,3.0,4.2,8,0.4,3.2,0.0,-2.8,323,4.0,-3.0,3.0,7.0,-315,-1,-1,1,3,H
69275,2010-12-18,Espanyol,Barcelona,0.8,0.8,1.2,0.0,245,4.8,0.2,3.0,4.6,6,-4.0,0.6000000000000001,-1.8,-4.6,239,-1,-1,1,-4,A
69295,2011-01-22,Barcelona,Racing Santander,4.2,0.4,3.0,3.8,6,0.6,2.8,0.2,-2.2,146,3.6,-2.4,2.8,6.0,-140,-1,-1,1,3,H
69270,2010-11-07,Getafe,Barcelona,0.6,1.2,0.6,-0.6,274,2.4,0.6,2.6,1.8,8,-1.7999999999999998,0.6,-2.0,-2.4,266,-1,-1,1,-2,A
69303,2011-03-19,Barcelona,Getafe,1.6,0.4,2.6,1.2,6,0.8,1.6,0.6,-0.8,132,0.8,-1.2000000000000002,2.0,2.0,-126,-1,-1,1,1,H
69245,2011-04-16,Real Madrid,Barcelona,0.4,3.2,0.0,-2.8,138,1.6,0.6,2.6,1.0,7,-1.2000000000000002,2.6,-2.6,-3.8,131,-1,-1,1,0,D
69287,2010-09-11,Barcelona,Hércules,3.6,0.8,3.0,2.8,13,0.0,0.0,0.0,0.0,7,3.6,0.8,3.0,2.8,6,-1,-1,1,-2,A
69296,2011-01-29,Hércules,Barcelona,0.0,0.0,0.0,0.0,140,4.2,0.4,3.0,3.8,7,-4.2,-0.4,-3.0,-3.8,133,-1,-1,1,-3,A
69260,2010-10-16,Barcelona,Valencia,2.0,0.8,2.0,1.2,13,0.4,3.0,0.4,-2.6,216,1.6,-2.2,1.6,3.8,-203,-1,-1,1,1,H
69269,2010-09-19,Atlético Madrid,Barcelona,2.6,3.4,1.8,-0.8,217,2.8,1.0,2.4,1.8,8,-0.19999999999999973,2.4,-0.5999999999999999,-2.6,209,-1,-1,1,-1,A
69246,2011-04-30,Real Sociedad,Barcelona,0.0,0.0,0.0,0.0,139,1.8,0.6,2.6,1.2,7,-1.8,-0.6,-2.6,-1.2,132,-1,-1,1,1,H
69302,2010-12-12,Barcelona,Real Sociedad,4.4,0.4,3.0,4.0,8,0.0,0.0,0.0,0.0,1317,4.4,0.4,3.0,4.0,-1309,-1,-1,1,5,H
69282,2011-02-20,Barcelona,Athletic Club,2.8,0.4,2.6,2.4,8,0.8,2.2,0.4,-1.4,323,1.9999999999999998,-1.8000000000000003,2.2,3.8,-315,-1,-1,1,1,H
69274,2011-03-02,Valencia,Barcelona,0.6,2.2,0.4,-1.6,137,2.4,0.4,2.6,2.0,4,-1.7999999999999998,1.8000000000000003,-2.2,-3.6,133,-1,-1,1,-1,A
69283,2011-02-26,Mallorca,Barcelona,1.2,1.8,0.8,-0.6,146,2.4,0.4,2.6,2.0,6,-1.2,1.4,-1.8,-2.6,140,-1,-1,1,-3,A
69280,2011-01-08,RC Deportivo La Coruña,Barcelona,0.6,3.0,0.0,-2.4,269,5.2,0.2,3.0,5.0,21,-4.6000000000000005,2.8,-3.0,-7.4,248,-1,-1,1,-4,A
69286,2010-08-29,Racing Santander,Barcelona,0.6,2.4,0.2,-1.8,190,3.6,1.0,3.0,2.6,105,-3.0,1.4,-2.8,-4.4,85,-1,-1,1,-3,A
69291,2011-03-13,Sevilla,Barcelona,0.6,3.2,0.2,-2.6,134,1.6,0.4,2.6,1.2,8,-1.0,2.8000000000000003,-2.4,-3.8,126,-1,-1,1,0,D
69236,2010-10-03,Barcelona,Mallorca,2.4,1.0,2.4,1.4,14,1.0,2.2,0.6,-1.2,190,1.4,-1.2000000000000002,1.7999999999999998,2.5999999999999996,-176,-1,-1,1,0,D
69234,2011-05-08,Barcelona,Espanyol,1.6,0.8,2.0,0.8,8,0.8,1.6,1.0,-0.8,141,0.8,-0.8,1.0,1.6,-133,-1,-1,1,2,H
69272,2011-05-11,Levante UD,Barcelona,0.75,3.0,0.0,-2.25,1172,1.8,0.8,2.0,1.0,3,-1.05,2.2,-2.0,-3.25,1169,-1,-1,1,0,D
69308,2010-11-13,Barcelona,Villarreal,2.6,0.6,2.6,2.0,6,2.0,2.0,1.4,0.0,196,0.6000000000000001,-1.4,1.2000000000000002,2.0,-190,-1,-1,1,2,H
69299,2010-11-29,Barcelona,Real Madrid,4.2,0.4,3.0,3.8,9,1.2,2.4,0.6,-1.2,233,3.0,-2.0,2.4,5.0,-224,-1,-1,1,5,H
69300,2011-03-05,Barcelona,Real Zaragoza,2.0,0.4,2.6,1.6,3,1.0,2.8,0.6,-1.8,133,1.0,-2.4,2.0,3.4000000000000004,-130,-1,-1,1,1,H
69289,2010-10-30,Barcelona,Sevilla,1.4,1.0,2.0,0.4,7,0.8,2.6,0.2,-1.8,175,0.5999999999999999,-1.6,1.8,2.2,-168,-1,-1,1,5,H
69263,2010-10-23,Real Zaragoza,Barcelona,1.2,3.0,0.6,-1.8,216,1.6,1.0,2.0,0.6,7,-0.40000000000000013,2.0,-1.4,-2.4,209,-1,-1,1,-2,A
69306,2010-11-20,Almería,Barcelona,0.4,2.4,0.2,-2.0,259,3.0,0.6,3.0,2.4,7,-2.6,1.7999999999999998,-2.8,-4.4,252,-1,-1,1,-5,A
69248,2011-02-12,Sporting Gijón,Barcelona,0.6666666666666666,3.3333333333333335,0.0,-2.6666666666666665,378,3.4,0.2,3.0,3.2,7,-2.7333333333333334,3.1333333333333333,-3.0,-5.866666666666667,371,-1,-1,1,0,D
70220,2011-09-17,Barcelona,Osasuna,2.2,1.0,1.6,1.2,7,0.6,2.2,0.2,-1.6,147,1.6,-1.2000000000000002,1.4000000000000001,2.8,-140,-1,-1,1,5,H
69328,2012-02-19,Barcelona,Valencia,2.4,1.4,2.0,1.0,8,0.6,1.6,0.4,-1.0,151,1.7999999999999998,-0.20000000000000018,1.6,2.0,-143,-1,-1,1,4,H
69329,2011-10-22,Barcelona,Sevilla,3.8,0.4,2.6,3.4,7,0.6,3.2,0.2,-2.6,223,3.1999999999999997,-2.8000000000000003,2.4,6.0,-216,-1,-1,1,0,D
70219,2012-04-07,Real Zaragoza,Barcelona,0.6,3.4,0.0,-2.8,140,2.6,0.6,3.0,2.0,7,-2.0,2.8,-3.0,-4.8,133,-1,-1,1,-3,A
69331,2011-11-19,Barcelona,Real Zaragoza,2.2,0.4,2.2,1.8,13,0.8,3.0,0.0,-2.2,259,1.4000000000000001,-2.6,2.2,4.0,-246,-1,-1,1,4,H
69337,2012-02-26,Atlético Madrid,Barcelona,1.0,3.2,0.6,-2.2,155,2.6,1.2,2.0,1.4,7,-1.6,2.0,-1.4,-3.6,148,-1,-1,1,-1,A
69322,2012-03-11,Racing Santander,Barcelona,0.2,3.4,0.0,-3.2,148,2.2,1.2,2.0,1.0,14,-2.0,2.2,-2.0,-4.2,134,-1,-1,1,-2,A
69316,2012-02-04,Barcelona,Real Sociedad,2.4,1.0,2.2,1.4,7,1.0,2.5,1.0,-1.5,147,1.4,-1.5,1.2000000000000002,2.9,-140,-1,-1,1,1,H
69332,2011-11-29,Barcelona,Rayo Vallecano,2.4,0.6,2.0,1.8,3,0.0,0.0,0.0,0.0,7,2.4,0.6,2.0,1.8,-4,-1,-1,1,4,H
69335,2012-01-22,Málaga,Barcelona,0.6,3.6,0.0,-3.0,371,3.4,0.8,2.6,2.6,7,-2.8,2.8,-2.6,-5.6,364,-1,-1,1,-3,A
69330,2011-11-06,Athletic Club,Barcelona,0.8,2.0,0.4,-1.2,259,2.0,0.0,2.6,2.0,8,-1.2,2.0,-2.2,-3.2,251,-1,-1,1,0,D
69297,2011-09-24,Barcelona,Atlético Madrid,3.6,1.0,1.8,2.6,3,1.8,2.8,1.2,-1.0,231,1.8,-1.7999999999999998,0.6000000000000001,3.6,-228,-1,-1,1,5,H
69325,2012-03-24,Mallorca,Barcelona,0.6,2.8,0.2,-2.2,147,3.2,1.0,3.0,2.2,4,-2.6,1.7999999999999998,-2.8,-4.4,143,-1,-1,1,-2,A
69324,2012-04-21,Barcelona,Real Madrid,2.8,0.4,3.0,2.4,7,0.4,2.4,0.2,-2.0,133,2.4,-2.0,2.8,4.4,-126,-1,-1,1,-1,A
70225,2012-03-20,Barcelona,Granada,2.6,1.0,2.4,1.6,3,0.0,0.0,0.0,0.0,147,2.6,1.0,2.4,1.6,-144,-1,-1,1,2,H
69293,2011-10-15,Barcelona,Racing Santander,3.6,0.8,2.2,2.8,13,0.4,3.2,0.0,-2.8,266,3.2,-2.4000000000000004,2.2,5.6,-253,-1,-1,1,3,H
70223,2011-09-21,Valencia,Barcelona,0.6,1.6,0.4,-1.0,203,3.6,0.6,2.2,3.0,4,-3.0,1.0,-1.8000000000000003,-4.0,199,-1,-1,1,0,D
69333,2011-12-03,Barcelona,Levante UD,3.0,0.6,2.0,2.4,4,0.8,2.6,0.2,-1.8,206,2.2,-2.0,1.8,4.2,-202,-1,-1,1,5,H
69264,2011-09-10,Real Sociedad,Barcelona,0.6666666666666666,2.6666666666666665,1.0,-2.0,133,2.2,0.6,2.0,1.6,12,-1.5333333333333337,2.0666666666666664,-1.0,-3.6,121,-1,-1,1,0,D
69343,2012-04-10,Barcelona,Getafe,3.0,0.8,3.0,2.2,3,0.8,1.8,0.6,-1.0,136,2.2,-1.0,2.4,3.2,-133,-1,-1,1,4,H
69340,2012-05-02,Barcelona,Málaga,3.6,0.8,2.4,2.8,3,0.6,3.6,0.0,-3.0,101,3.0,-2.8,2.4,5.8,-98,-1,-1,1,3,H
69265,2011-10-02,Sporting Gijón,Barcelona,0.75,2.75,0.25,-2.0,232,4.4,0.8,2.2,3.6,8,-3.6500000000000004,1.95,-1.9500000000000002,-5.6,224,-1,-1,1,-1,A
69319,2012-05-12,Real Betis,Barcelona,1.4,2.6,0.4,-1.2,118,3.6,0.8,2.4,2.8,7,-2.2,1.8,-2.0,-4.0,111,-1,-1,1,0,D
69334,2011-12-10,Real Madrid,Barcelona,0.6,3.0,0.2,-2.4,238,3.0,0.6,2.0,2.4,7,-2.4,2.4,-1.8,-4.8,231,-1,-1,1,-2,A
69327,2012-01-15,Barcelona,Real Betis,2.6,0.6,2.0,2.0,7,1.2,2.8,0.4,-1.6,1065,1.4000000000000001,-2.1999999999999997,1.6,3.6,-1058,-1,-1,1,2,H
69315,2011-11-26,Getafe,Barcelona,0.6,2.0,0.0,-1.4,252,2.4,0.4,2.2,2.0,7,-1.7999999999999998,1.6,-2.2,-3.4,245,-1,-1,1,1,H
69336,2012-02-11,Osasuna,Barcelona,0.2,3.2,0.2,-3.0,147,2.2,1.0,2.2,1.2,7,-2.0,2.2,-2.0,-4.2,140,-1,-1,1,1,H
69326,2012-03-17,Sevilla,Barcelona,0.6,2.6,0.4,-2.0,147,2.6,1.2,2.4,1.4,6,-2.0,1.4000000000000001,-2.0,-3.4,141,-1,-1,1,-2,A
69268,2011-08-29,Barcelona,Villarreal,1.4,0.8,1.6,0.6,110,1.2,2.6,0.2,-1.4,149,0.19999999999999996,-1.8,1.4000000000000001,2.0,-39,-1,-1,1,5,H
69320,2012-05-05,Barcelona,Espanyol,3.6,0.8,2.4,2.8,3,0.8,1.8,1.0,-1.0,118,2.8,-1.0,1.4,3.8,-115,-1,-1,1,4,H
69312,2012-01-08,Espanyol,Barcelona,0.8,2.0,0.8,-1.2,245,3.2,0.4,2.4,2.8,29,-2.4000000000000004,1.6,-1.5999999999999999,-4.0,216,-1,-1,1,0,D
69314,2011-10-29,Barcelona,Mallorca,2.0,0.0,2.6,2.0,4,1.2,2.2,0.8,-1.0,245,0.8,-2.2,1.8,3.0,-241,-1,-1,1,5,H
69318,2011-10-25,Granada,Barcelona,0.0,0.0,0.0,0.0,7,2.2,0.4,2.2,1.8,3,-2.2,-0.4,-2.2,-1.8,4,-1,-1,1,-1,A
69338,2012-01-28,Villarreal,Barcelona,1.0,3.2,0.2,-2.2,152,3.4,1.0,2.6,2.4,6,-2.4,2.2,-2.4,-4.6,146,-1,-1,1,0,D
70224,2012-04-29,Rayo Vallecano,Barcelona,0.0,0.0,0.0,0.0,152,2.6,0.8,2.4,1.8,8,-2.6,-0.8,-2.4,-1.8,144,-1,-1,1,-5,A
70221,2012-04-14,Levante UD,Barcelona,0.6,3.2,0.2,-2.6,133,3.4,0.8,3.0,2.6,4,-2.8,2.4000000000000004,-2.8,-5.2,129,-1,-1,1,-1,A
69323,2012-03-31,Barcelona,Athletic Club,2.6,0.8,3.0,1.8,7,1.0,2.2,0.4,-1.2,146,1.6,-1.4000000000000001,2.6,3.0,-139,-1,-1,1,2,H
70263,2012-12-01,Barcelona,Athletic Club,3.8,0.8,3.0,3.0,6,1.0,2.2,0.4,-1.2,245,2.8,-1.4000000000000001,2.6,4.2,-239,-1,-1,1,4,H
266015,2012-12-22,Real Valladolid,Barcelona,0.2,3.0,0.2,-2.8,951,3.6,0.8,3.0,2.8,6,-3.4,2.2,-2.8,-5.6,945,-1,-1,1,-2,A
70270,2012-09-22,Barcelona,Granada,2.8,1.0,2.6,1.8,7,0.0,0.0,0.0,0.0,186,2.8,1.0,2.6,1.8,-179,-1,-1,1,2,H
70281,2013-05-05,Barcelona,Real Betis,2.0,1.4,1.6,0.6,8,1.8,2.6,0.4,-0.8,147,0.19999999999999996,-1.2000000000000002,1.2000000000000002,1.4,-139,-1,-1,1,2,H
70308,2012-11-03,Barcelona,Celta Vigo,3.4,1.6,2.6,1.8,7,0.0,0.0,0.0,0.0,2259,3.4,1.6,2.6,1.8,-2252,-1,-1,1,2,H
70282,2013-02-03,Valencia,Barcelona,0.8,2.2,0.2,-1.4,154,3.4,1.2,2.4,2.2,7,-2.5999999999999996,1.0000000000000002,-2.1999999999999997,-3.6,147,-1,-1,1,0,D
266724,2012-11-11,Mallorca,Barcelona,0.2,2.4,0.2,-2.2,232,3.6,1.8,2.6,1.8,8,-3.4,0.5999999999999999,-2.4,-4.0,224,-1,-1,1,-2,A
70272,2013-03-02,Real Madrid,Barcelona,1.2,2.4,1.0,-1.2,146,3.2,1.0,2.6,2.2,7,-2.0,1.4,-1.6,-3.4000000000000004,139,-1,-1,1,1,H
70304,2012-10-20,RC Deportivo La Coruña,Barcelona,0.4,3.4,0.0,-3.0,651,2.4,1.0,2.6,1.4,13,-2.0,2.4,-2.6,-4.4,638,-1,-1,1,-1,A
70280,2012-11-25,Levante UD,Barcelona,0.8,3.4,0.2,-2.6,225,4.0,1.6,3.0,2.4,8,-3.2,1.7999999999999998,-2.8,-5.0,217,-1,-1,1,-4,A
70296,2012-12-16,Barcelona,Atlético Madrid,3.6,1.0,3.0,2.6,7,0.8,2.6,0.6,-1.8,294,2.8,-1.6,2.4,4.4,-287,-1,-1,1,3,H
70297,2013-02-10,Barcelona,Getafe,3.0,1.2,2.0,1.8,7,0.8,2.6,0.6,-1.8,148,2.2,-1.4000000000000001,1.4,3.6,-141,-1,-1,1,5,H
266433,2013-01-06,Barcelona,Espanyol,3.6,0.8,3.0,2.8,15,0.4,2.4,0.4,-2.0,246,3.2,-1.5999999999999999,2.6,4.8,-231,-1,-1,1,4,H
70256,2013-03-30,Celta Vigo,Barcelona,1.0,2.6666666666666665,0.0,-1.6666666666666667,147,2.0,1.0,2.4,1.0,13,-1.0,1.6666666666666665,-2.4,-2.666666666666667,134,-1,-1,1,0,D
70259,2012-08-19,Barcelona,Real Sociedad,3.6,1.0,2.0,2.6,99,1.0,2.4,0.8,-1.4,197,2.6,-1.4,1.2,4.0,-98,-1,-1,1,4,H
70260,2013-01-27,Barcelona,Osasuna,3.2,1.2,2.4,2.0,8,0.8,3.4,0.6,-2.6,154,2.4000000000000004,-2.2,1.7999999999999998,4.6,-146,-1,-1,1,4,H
70276,2012-10-27,Rayo Vallecano,Barcelona,0.0,0.0,0.0,0.0,181,3.2,1.8,2.6,1.4,7,-3.2,-1.8,-2.6,-1.4,174,-1,-1,1,-5,A
70287,2013-01-19,Real Sociedad,Barcelona,1.2,3.0,0.8,-1.8,153,3.2,0.8,3.0,2.4,6,-2.0,2.2,-2.2,-4.2,147,-1,-1,1,1,H
70284,2013-05-12,Atlético Madrid,Barcelona,0.6,3.2,0.0,-2.6,147,2.6,1.4,2.2,1.2,7,-2.0,1.8000000000000003,-2.2,-3.8,140,-1,-1,1,-1,A
70275,2012-09-29,Sevilla,Barcelona,0.6,2.2,0.4,-1.6,196,2.8,0.6,3.0,2.2,7,-2.1999999999999997,1.6,-2.6,-3.8000000000000003,189,-1,-1,1,-1,A
70286,2012-09-02,Barcelona,Valencia,3.4,1.0,2.6,2.4,7,0.8,2.6,0.2,-1.8,196,2.5999999999999996,-1.6,2.4,4.2,-189,-1,-1,1,1,H
70309,2012-11-17,Barcelona,Real Zaragoza,3.8,1.8,2.6,2.0,6,0.6,3.0,0.0,-2.4,224,3.1999999999999997,-1.2,2.6,4.4,-218,-1,-1,1,2,H
70300,2012-10-07,Barcelona,Real Madrid,2.4,0.8,3.0,1.6,8,0.8,2.4,0.8,-1.6,169,1.5999999999999999,-1.5999999999999999,2.2,3.2,-161,-1,-1,1,0,D
70295,2012-12-09,Real Betis,Barcelona,1.6,2.8,0.4,-1.2,211,3.8,1.0,3.0,2.8,8,-2.1999999999999997,1.7999999999999998,-2.6,-4.0,203,-1,-1,1,-1,A
70307,2013-03-17,Barcelona,Rayo Vallecano,2.6,1.0,2.4,1.6,8,0.0,5.333333333333333,0.0,-5.333333333333333,141,2.6,-4.333333333333333,2.4,6.933333333333334,-133,-1,-1,1,2,H
70305,2013-03-09,Barcelona,RC Deportivo La Coruña,2.4,1.2,2.0,1.2,7,1.0,4.0,0.0,-3.0,140,1.4,-2.8,2.0,4.2,-133,-1,-1,1,2,H
266827,2013-01-13,Málaga,Barcelona,0.8,3.2,0.0,-2.4,256,3.6,0.8,3.0,2.8,7,-2.8,2.4000000000000004,-3.0,-5.199999999999999,249,-1,-1,1,-2,A
267502,2013-04-27,Athletic Club,Barcelona,1.0,3.0,0.2,-2.0,147,2.0,1.2,2.0,0.8,28,-1.0,1.8,-1.8,-2.8,119,-1,-1,1,0,D
70271,2013-02-23,Barcelona,Sevilla,3.2,1.4,2.0,1.8,7,0.6,2.2,0.4,-1.6,147,2.6,-0.8000000000000003,1.6,3.4000000000000004,-140,-1,-1,1,1,H
70294,2013-02-16,Granada,Barcelona,1.0,2.6666666666666665,0.0,-1.6666666666666667,147,3.4,1.4,2.0,2.0,6,-2.4,1.2666666666666666,-2.0,-3.666666666666667,141,-1,-1,1,-1,A
70262,2012-08-26,Osasuna,Barcelona,0.6,3.4,0.6,-2.8,197,4.4,0.8,2.6,3.6,7,-3.8000000000000003,2.5999999999999996,-2.0,-6.4,190,-1,-1,1,-1,A
70292,2012-09-15,Getafe,Barcelona,0.8,2.2,0.6,-1.4,158,2.8,0.8,2.6,2.0,13,-1.9999999999999998,1.4000000000000001,-2.0,-3.4,145,-1,-1,1,-3,A
266066,2014-03-02,Barcelona,Almería,3.2,1.4,1.8,1.8,8,0.6,3.2,0.2,-2.6,155,2.6,-1.8000000000000003,1.6,4.4,-147,-1,-1,1,3,H
267368,2014-04-05,Barcelona,Real Betis,3.0,0.8,2.4,2.2,7,1.6,3.2,0.2,-1.6,146,1.4,-2.4000000000000004,2.1999999999999997,3.8000000000000003,-139,-1,-1,1,2,H
70301,2013-09-14,Barcelona,Sevilla,3.6,1.4,2.6,2.2,13,0.8,1.6,0.4,-0.8,203,2.8,-0.20000000000000018,2.2,3.0,-190,-1,-1,1,1,H
70298,2013-09-01,Valencia,Barcelona,0.8,2.0,0.4,-1.2,210,3.4,1.4,2.2,2.0,14,-2.5999999999999996,0.6000000000000001,-1.8000000000000003,-3.2,196,-1,-1,1,-1,A
70302,2013-09-21,Rayo Vallecano,Barcelona,0.25,4.75,0.0,-4.5,188,3.8,1.4,3.0,2.4,7,-3.55,3.35,-3.0,-6.9,181,-1,-1,1,-4,A
70291,2014-01-26,Barcelona,Málaga,1.8,0.4,2.2,1.4,7,1.0,3.4,0.0,-2.4,378,0.8,-3.0,2.2,3.8,-371,-1,-1,1,3,H
267138,2014-04-12,Granada,Barcelona,1.0,2.5,0.0,-1.5,420,3.6,0.8,3.0,2.8,7,-2.6,1.7,-3.0,-4.3,413,-1,-1,1,1,H
267520,2013-09-24,Barcelona,Real Sociedad,3.8,1.0,3.0,2.8,3,1.8,2.4,1.4,-0.6,248,1.9999999999999998,-1.4,1.6,3.4,-245,-1,-1,1,3,H
70289,2014-04-27,Villarreal,Barcelona,0.4,2.6,0.2,-2.2,820,1.8,0.6,2.4,1.2,7,-1.4,2.0,-2.1999999999999997,-3.4000000000000004,813,-1,-1,1,-1,A
267675,2014-02-09,Sevilla,Barcelona,1.0,2.0,0.2,-1.0,148,2.0,1.0,1.6,1.0,8,-1.0,1.0,-1.4000000000000001,-2.0,140,-1,-1,1,-3,A
70288,2014-01-19,Levante UD,Barcelona,0.4,3.8,0.2,-3.4,154,2.0,0.4,2.6,1.6,8,-1.6,3.4,-2.4,-5.0,146,-1,-1,1,0,D
266074,2014-03-16,Barcelona,Osasuna,3.0,1.2,1.8,1.8,8,1.0,3.4,0.8,-2.4,148,2.0,-2.2,1.0,4.2,-140,-1,-1,1,5,H
267567,2014-04-20,Barcelona,Athletic Club,2.2,1.0,2.4,1.2,8,1.2,2.6,0.4,-1.4,358,1.0000000000000002,-1.6,2.0,2.5999999999999996,-350,-1,-1,1,1,H
266201,2014-05-11,Elche,Barcelona,0.0,0.0,0.0,0.0,7,2.0,1.4,2.0,0.6,8,-2.0,-1.4,-2.0,-0.6,-1,-1,-1,1,0,D
266274,2014-03-26,Barcelona,Celta Vigo,3.2,1.6,1.8,1.6,3,1.0,2.6,0.2,-1.6,148,2.2,-1.0,1.6,3.2,-145,-1,-1,1,3,H
70293,2013-10-26,Barcelona,Real Madrid,2.6,0.6,2.6,2.0,7,1.6,1.6,1.6,0.0,238,1.0,-1.0,1.0,2.0,-231,-1,-1,1,1,H
265918,2014-02-15,Barcelona,Rayo Vallecano,2.0,1.0,1.6,1.0,6,0.2,4.6,0.0,-4.4,147,1.8,-3.5999999999999996,1.6,5.4,-141,-1,-1,1,5,H
70277,2013-08-18,Barcelona,Levante UD,2.6,1.6,2.2,1.0,98,0.6,3.4,0.2,-2.8,266,2.0,-1.7999999999999998,2.0,3.8,-168,-1,-1,1,5,H
70283,2013-11-01,Barcelona,Espanyol,2.2,0.4,2.6,1.8,3,0.4,3.2,0.2,-2.8,299,1.8000000000000003,-2.8000000000000003,2.4,4.6,-296,-1,-1,1,1,H
70306,2014-03-29,Espanyol,Barcelona,0.2,2.4,0.2,-2.2,148,3.6,1.0,2.4,2.6,3,-3.4,1.4,-2.1999999999999997,-4.800000000000001,145,-1,-1,1,-1,A
266256,2014-05-17,Barcelona,Atlético Madrid,1.4,1.2,1.6,0.2,6,0.6,2.6,0.2,-2.0,126,0.7999999999999999,-1.4000000000000001,1.4000000000000001,2.2,-120,-1,-1,1,0,D
266613,2014-02-01,Barcelona,Valencia,1.8,0.4,2.2,1.4,6,1.2,2.4,0.4,-1.2,153,0.6000000000000001,-2.0,1.8000000000000003,2.5999999999999996,-147,-1,-1,1,-1,A
266491,2014-05-03,Barcelona,Getafe,1.8,1.0,2.4,0.8,6,0.8,3.2,0.6,-2.4,447,1.0,-2.2,1.7999999999999998,3.2,-441,-1,-1,1,0,D
265830,2014-01-11,Atlético Madrid,Barcelona,0.6,3.2,0.0,-2.6,244,2.0,0.4,2.6,1.6,62,-1.4,2.8000000000000003,-2.6,-4.2,182,-1,-1,1,0,D
265857,2014-03-23,Real Madrid,Barcelona,1.6,1.8,1.4,-0.2,148,3.6,1.0,1.8,2.6,7,-2.0,0.8,-0.40000000000000013,-2.8000000000000003,141,-1,-1,1,-1,A
266883,2013-11-10,Real Betis,Barcelona,1.8,2.8,0.4,-1.0,189,1.6,0.2,2.6,1.4,9,0.19999999999999996,2.5999999999999996,-2.2,-2.4,180,-1,-1,1,-3,A
266603,2014-03-08,Real Valladolid,Barcelona,0.2,3.4,0.0,-3.2,441,3.4,1.6,1.8,1.8,6,-3.1999999999999997,1.7999999999999998,-1.8,-5.0,435,-1,-1,1,1,H
265837,2014-02-22,Real Sociedad,Barcelona,1.6,3.0,0.8,-1.4,151,3.2,1.0,2.0,2.2,7,-1.6,2.0,-1.2,-3.6,144,-1,-1,1,2,H
266462,2013-10-19,Osasuna,Barcelona,1.0,3.8,0.6,-2.8,265,3.2,1.0,3.0,2.2,21,-2.2,2.8,-2.4,-5.0,244,-1,-1,1,0,D
267192,2013-10-29,Celta Vigo,Barcelona,1.25,2.5,0.25,-1.25,213,2.4,0.4,2.6,2.0,3,-1.15,2.1,-2.35,-3.25,210,-1,-1,1,-3,A
266420,2013-09-28,Almería,Barcelona,0.6,3.2,0.2,-2.6,903,4.2,1.0,3.0,3.2,4,-3.6,2.2,-2.8,-5.800000000000001,899,-1,-1,1,-2,A
267183,2015-03-22,Barcelona,Real Madrid,3.2,0.6,2.4,2.6,8,2.2,2.0,1.4,0.2,148,1.0,-1.4,1.0,2.4,-140,-1,-1,1,1,H
265835,2014-11-22,Barcelona,Sevilla,1.6,1.0,1.8,0.6,14,1.2,2.8,0.0,-1.6,286,0.40000000000000013,-1.7999999999999998,1.8,2.2,-272,-1,-1,1,4,H
266838,2014-09-24,Málaga,Barcelona,0.8,3.6,0.0,-2.8,241,2.4,0.2,2.6,2.2,3,-1.5999999999999999,3.4,-2.6,-5.0,238,-1,-1,1,0,D
265963,2015-04-28,Barcelona,Getafe,2.2,0.4,2.6,1.8,3,0.8,3.2,0.4,-2.4,136,1.4000000000000001,-2.8000000000000003,2.2,4.2,-133,-1,-1,1,5,H
266117,2014-09-27,Barcelona,Granada,2.2,0.0,2.6,2.2,3,1.0,2.0,0.6,-1.0,168,1.2000000000000002,-2.0,2.0,3.2,-165,-1,-1,1,5,H
266916,2015-03-08,Barcelona,Rayo Vallecano,3.2,1.2,2.4,2.0,8,0.2,4.0,0.0,-3.8,155,3.0,-2.8,2.4,5.8,-147,-1,-1,1,5,H
267197,2015-05-23,Barcelona,RC Deportivo La Coruña,3.8,0.0,3.0,3.8,6,0.8,3.6,0.0,-2.8,125,3.0,-3.6,3.0,6.6,-119,-1,-1,1,0,D
70264,2014-12-13,Getafe,Barcelona,1.0,3.2,0.8,-2.2,224,2.6,0.8,2.4,1.8,6,-1.6,2.4000000000000004,-1.5999999999999999,-4.0,218,-1,-1,1,0,D
70273,2014-09-13,Barcelona,Athletic Club,1.4,0.6,1.8,0.8,13,1.2,2.6,0.4,-1.4,146,0.19999999999999996,-2.0,1.4,2.2,-133,-1,-1,1,2,H
267301,2014-11-01,Barcelona,Celta Vigo,2.4,0.6,2.0,1.8,7,1.0,2.8,0.2,-1.8,220,1.4,-2.1999999999999997,1.8,3.6,-213,-1,-1,1,-1,A
265896,2014-10-18,Barcelona,Eibar,3.0,0.0,2.6,3.0,14,0.0,0.0,0.0,0.0,7,3.0,0.0,2.6,3.0,7,-1,-1,1,3,H
265866,2015-05-02,Córdoba CF,Barcelona,0.0,0.0,0.0,0.0,133,3.2,0.4,2.6,2.8,4,-3.2,-0.4,-2.6,-2.8,129,-1,-1,1,-5,A
267400,2015-04-08,Barcelona,Almería,2.8,0.6,3.0,2.2,3,0.6,3.8,0.0,-3.2,151,2.1999999999999997,-3.1999999999999997,3.0,5.4,-148,-1,-1,1,4,H
266406,2014-08-31,Villarreal,Barcelona,0.6,2.4,0.2,-1.8,126,1.8,1.0,1.8,0.8,7,-1.2000000000000002,1.4,-1.6,-2.6,119,-1,-1,1,-1,A
267085,2014-10-25,Real Madrid,Barcelona,2.0,2.0,1.4,0.0,216,3.2,0.0,2.6,3.2,7,-1.2000000000000002,2.0,-1.2000000000000002,-3.2,209,-1,-1,1,2,H
267561,2014-10-04,Rayo Vallecano,Barcelona,0.2,5.0,0.0,-4.8,231,2.8,0.0,2.6,2.8,7,-2.5999999999999996,5.0,-2.6,-7.6,224,-1,-1,1,-2,A
266148,2015-02-21,Barcelona,Málaga,4.6,0.8,3.0,3.8,6,0.6,2.8,0.2,-2.2,150,3.9999999999999996,-1.9999999999999998,2.8,6.0,-144,-1,-1,1,-1,A
266045,2015-05-09,Barcelona,Real Sociedad,4.0,0.4,2.6,3.6,7,1.8,2.4,1.8,-0.6,125,2.2,-2.0,0.8,4.2,-118,-1,-1,1,2,H
70303,2015-01-11,Barcelona,Atlético Madrid,2.2,0.4,2.0,1.8,7,0.8,1.8,0.4,-1.0,239,1.4000000000000001,-1.4,1.6,2.8,-232,-1,-1,1,2,H
266240,2015-01-04,Real Sociedad,Barcelona,1.8,2.8,1.2,-1.0,316,3.2,0.4,2.6,2.8,15,-1.4000000000000001,2.4,-1.4000000000000001,-3.8,301,-1,-1,1,1,H
267597,2015-02-01,Barcelona,Villarreal,3.6,0.4,2.4,3.2,8,0.4,2.0,0.2,-1.6,154,3.2,-1.6,2.1999999999999997,4.800000000000001,-146,-1,-1,1,1,H
266794,2015-01-24,Elche,Barcelona,0.0,0.0,0.0,0.0,153,2.4,0.4,2.0,2.0,6,-2.4,-0.4,-2.0,-2.0,147,-1,-1,1,-5,A
267343,2015-02-28,Granada,Barcelona,1.0,3.0,0.6,-2.0,154,3.8,1.0,2.4,2.8,7,-2.8,2.0,-1.7999999999999998,-4.8,147,-1,-1,1,-2,A
266631,2015-05-17,Atlético Madrid,Barcelona,0.8,2.0,0.4,-1.2,126,4.0,0.0,3.0,4.0,8,-3.2,2.0,-2.6,-5.2,118,-1,-1,1,-1,A
266320,2014-12-07,Barcelona,Espanyol,1.8,1.2,1.8,0.6,7,0.2,2.2,0.2,-2.0,253,1.6,-1.0000000000000002,1.6,2.6,-246,-1,-1,1,4,H
266230,2015-01-18,RC Deportivo La Coruña,Barcelona,1.0,3.4,0.0,-2.4,680,2.6,0.6,2.0,2.0,7,-1.6,2.8,-2.0,-4.4,673,-1,-1,1,-4,A
266525,2015-04-18,Barcelona,Valencia,2.2,0.6,2.6,1.6,7,1.2,1.6,0.8,-0.4,139,1.0000000000000002,-1.0,1.8,2.0,-132,-1,-1,1,2,H
266560,2014-11-30,Valencia,Barcelona,1.4,2.4,0.8,-1.0,302,2.2,1.2,1.8,1.0,8,-0.8000000000000003,1.2,-1.0,-2.0,294,-1,-1,1,-1,A
266846,2014-12-20,Barcelona,Córdoba CF,2.6,0.6,2.6,2.0,7,0.0,0.0,0.0,0.0,7,2.6,0.6,2.6,2.0,0,-1,-1,1,5,H
266531,2015-04-25,Espanyol,Barcelona,0.2,3.0,0.0,-2.8,139,2.2,0.6,2.6,1.6,7,-2.0,2.4,-2.6,-4.4,132,-1,-1,1,-2,A
266921,2014-08-24,Barcelona,Elche,1.6,1.2,1.8,0.4,99,0.0,0.0,0.0,0.0,105,1.6,1.2,1.8,0.4,-6,-1,-1,1,3,H
267499,2014-11-08,Almería,Barcelona,0.8,3.8,0.2,-3.0,251,2.4,0.8,1.8,1.6,7,-1.5999999999999999,3.0,-1.6,-4.6,244,-1,-1,1,-1,A
266741,2015-02-15,Barcelona,Levante UD,4.2,1.0,3.0,3.2,7,0.4,3.8,0.2,-3.4,147,3.8000000000000003,-2.8,2.8,6.6,-140,-1,-1,1,5,H
266871,2015-02-08,Athletic Club,Barcelona,0.8,2.6,0.2,-1.8,148,3.2,0.8,2.4,2.4,7,-2.4000000000000004,1.8,-2.1999999999999997,-4.2,141,-1,-1,1,-3,A
266967,2015-03-14,Eibar,Barcelona,0.0,0.0,0.0,0.0,147,3.8,1.0,2.4,2.8,6,-3.8,-1.0,-2.4,-2.8,141,-1,-1,1,-2,A
266929,2015-04-05,Celta Vigo,Barcelona,0.8,2.2,0.8,-1.4,155,2.6,0.8,2.4,1.8,14,-1.8,1.4000000000000001,-1.5999999999999999,-3.2,141,-1,-1,1,-1,A
266770,2014-09-21,Levante UD,Barcelona,0.4,3.8,0.2,-3.4,245,1.4,0.2,2.2,1.2,8,-0.9999999999999999,3.5999999999999996,-2.0,-4.6,237,-1,-1,1,-5,A
266142,2015-04-11,Sevilla,Barcelona,1.4,3.4,0.0,-2.0,140,3.0,0.4,3.0,2.6,3,-1.6,3.0,-3.0,-4.6,137,-1,-1,1,0,D
3825739,2016-01-17,Real Madrid,Sporting Gijón,4.0,1.2,2.0,2.8,8,0.8,1.8,0.6,-1.0,7,3.2,-0.6000000000000001,1.4,3.8,1,-1,-1,1,4,H
3825848,2015-09-23,Levante UD,Eibar,0.6,2.4,0.4,-1.8,3,1.0,1.0,1.4,0.0,4,-0.4,1.4,-0.9999999999999999,-1.8,-1,-1,-1,1,0,D
3825895,2015-09-23,Las Palmas,Sevilla,0.75,1.25,0.5,-0.5,3,0.8,1.6,0.6,-0.8,3,-0.050000000000000044,-0.3500000000000001,-0.09999999999999998,0.30000000000000004,0,-1,-1,1,2,H
3825778,2016-02-20,Real Betis,Sporting Gijón,1.0,1.0,1.2,0.0,7,2.0,1.4,1.6,0.6,3,-1.0,-0.3999999999999999,-0.40000000000000013,-0.6,4,-1,-1,1,0,D
3825777,2016-02-19,Levante UD,Getafe,1.4,2.6,0.6,-1.2,5,1.0,1.8,0.6,-0.8,5,0.3999999999999999,0.8,0.0,-0.3999999999999999,0,-1,-1,1,3,H
3825740,2016-01-18,Eibar,Granada,1.8,0.8,2.0,1.0,8,1.0,2.4,1.2,-1.4,9,0.8,-1.5999999999999999,0.8,2.4,-1,-1,-1,1,4,H
3825784,2016-02-21,Atlético Madrid,Villarreal,1.6,0.6,2.0,1.0,7,0.8,0.4,1.8,0.4,8,0.8,0.19999999999999996,0.19999999999999996,0.6,-1,-1,-1,1,0,D
3825782,2016-02-21,Granada,Valencia,1.0,2.6,0.6,-1.6,7,1.0,1.2,1.0,-0.2,8,0.0,1.4000000000000001,-0.4,-1.4000000000000001,-1,-1,-1,1,-1,A
3825757,2016-01-31,Real Madrid,Espanyol,3.2,1.0,2.2,2.2,7,0.8,1.8,0.4,-1.0,8,2.4000000000000004,-0.8,1.8000000000000003,3.2,-1,-1,-1,1,5,H
3825641,2015-10-26,Athletic Club,Sporting Gijón,1.4,1.6,1.0,-0.2,8,2.0,2.0,1.4,0.0,7,-0.6000000000000001,-0.3999999999999999,-0.3999999999999999,-0.2,1,-1,-1,1,3,H
3825803,2016-03-03,Granada,Sporting Gijón,0.6,1.6,0.6,-1.0,4,1.4,2.2,0.6,-0.8,5,-0.7999999999999999,-0.6000000000000001,0.0,-0.19999999999999996,-1,-1,-1,1,2,H
3825800,2016-03-02,Celta Vigo,Villarreal,1.4,2.2,1.4,-0.8,4,1.0,0.0,2.2,1.0,3,0.3999999999999999,2.2,-0.8000000000000003,-1.8,1,-1,-1,1,0,D
3825801,2016-03-02,Sevilla,Eibar,1.8,1.2,1.6,0.6,3,1.2,1.8,0.6,-0.6,5,0.6000000000000001,-0.6000000000000001,1.0,1.2,-2,-1,-1,1,1,H
3825799,2016-03-02,Málaga,Valencia,1.4,0.8,1.6,0.6,4,0.8,1.4,1.2,-0.6,3,0.5999999999999999,-0.5999999999999999,0.40000000000000013,1.2,1,-1,-1,1,-1,A
3825797,2016-03-02,Athletic Club,RC Deportivo La Coruña,1.2,1.0,1.4,0.2,3,1.0,1.4,0.6,-0.4,3,0.19999999999999996,-0.3999999999999999,0.7999999999999999,0.6000000000000001,0,-1,-1,1,3,H
3825798,2016-03-02,Levante UD,Real Madrid,0.8,2.0,0.6,-1.2,3,2.6,1.0,2.0,1.6,4,-1.8,1.0,-1.4,-2.8,-1,-1,-1,1,-2,A
3825796,2016-03-01,Las Palmas,Getafe,0.8,1.4,1.2,-0.6,4,0.0,1.8,0.0,-1.8,3,0.8,-0.40000000000000013,1.2,1.2000000000000002,1,-1,-1,1,4,H
3825795,2016-03-01,Atlético Madrid,Real Sociedad,1.2,0.6,2.0,0.6,3,2.4,0.4,2.6,2.0,3,-1.2,0.19999999999999996,-0.6000000000000001,-1.4,0,-1,-1,1,3,H
3825793,2016-02-28,Valencia,Athletic Club,1.0,1.0,1.4,0.0,7,1.6,1.4,1.4,0.2,7,-0.6000000000000001,-0.3999999999999999,0.0,-0.2,0,-1,-1,1,-3,A
3825792,2016-02-28,RC Deportivo La Coruña,Granada,1.2,1.4,0.8,-0.2,8,1.0,2.0,0.6,-1.0,7,0.19999999999999996,-0.6000000000000001,0.20000000000000007,0.8,1,-1,-1,1,-1,A
3825794,2016-02-28,Villarreal,Levante UD,0.8,0.4,1.8,0.4,7,1.4,1.8,1.2,-0.4,9,-0.5999999999999999,-1.4,0.6000000000000001,0.8,-2,-1,-1,1,3,H
3825788,2016-02-27,Getafe,Celta Vigo,0.4,2.2,0.0,-1.8,8,1.2,2.8,0.8,-1.6,7,-0.7999999999999999,-0.5999999999999996,-0.8,-0.19999999999999996,1,-1,-1,1,-1,A
3825791,2016-02-27,Real Betis,Rayo Vallecano,1.2,1.2,1.2,0.0,7,2.2,1.2,1.8,1.0,6,-1.0000000000000002,0.0,-0.6000000000000001,-1.0,1,-1,-1,1,0,D
3825790,2016-02-27,Sporting Gijón,Espanyol,1.2,1.4,1.2,-0.2,7,0.8,3.0,0.8,-2.2,7,0.3999999999999999,-1.6,0.3999999999999999,2.0,0,-1,-1,1,-2,A
3825787,2016-02-27,Real Madrid,Atlético Madrid,2.8,1.0,2.2,1.8,6,1.0,0.6,1.6,0.4,6,1.7999999999999998,0.4,0.6000000000000001,1.4,0,-1,-1,1,-1,A
3825789,2016-02-27,Real Sociedad,Málaga,2.4,1.2,2.4,1.2,6,1.4,1.0,1.4,0.4,6,1.0,0.19999999999999996,1.0,0.7999999999999999,0,-1,-1,1,0,D
3825786,2016-02-26,Eibar,Las Palmas,1.6,2.6,0.6,-1.0,6,1.0,2.0,0.6,-1.0,6,0.6000000000000001,0.6000000000000001,0.0,0.0,0,-1,-1,1,-1,A
3825781,2016-02-21,Rayo Vallecano,Sevilla,2.2,1.2,1.8,1.0,9,1.6,0.6,2.2,1.0,7,0.6000000000000001,0.6,-0.40000000000000013,0.0,2,-1,-1,1,0,D
3825785,2016-02-21,Málaga,Real Madrid,1.4,1.2,1.2,0.2,8,3.6,1.0,2.6,2.6,8,-2.2,0.19999999999999996,-1.4000000000000001,-2.4,0,-1,-1,1,0,D
3825783,2016-02-21,Athletic Club,Real Sociedad,1.6,2.4,1.4,-0.8,8,2.4,1.4,2.0,1.0,7,-0.7999999999999998,1.0,-0.6000000000000001,-1.8,1,-1,-1,1,-1,A
3825780,2016-02-20,Espanyol,RC Deportivo La Coruña,0.8,3.6,0.2,-2.8,7,1.4,1.4,1.0,0.0,7,-0.5999999999999999,2.2,-0.8,-2.8,0,-1,-1,1,1,H
3825779,2016-02-20,Celta Vigo,Eibar,1.4,3.0,0.8,-1.6,6,2.2,2.2,1.2,0.0,6,-0.8000000000000003,0.7999999999999998,-0.3999999999999999,-1.6,0,-1,-1,1,1,H
3825773,2016-02-14,Eibar,Levante UD,2.2,2.4,1.2,-0.2,8,1.8,2.4,1.2,-0.6,7,0.40000000000000013,0.0,0.0,0.39999999999999997,1,-1,-1,1,2,H
3825776,2016-02-14,Sevilla,Las Palmas,1.6,0.6,2.2,1.0,7,1.0,2.0,0.8,-1.0,8,0.6000000000000001,-1.4,1.4000000000000001,2.0,-1,-1,-1,1,2,H
3825775,2016-02-14,Real Sociedad,Granada,2.2,1.4,2.0,0.8,6,1.0,2.8,0.6,-1.8,7,1.2000000000000002,-1.4,1.4,2.6,-1,-1,-1,1,3,H
3825769,2016-02-13,Villarreal,Málaga,1.0,0.4,1.8,0.6,7,1.6,1.2,1.4,0.4,8,-0.6000000000000001,-0.7999999999999999,0.40000000000000013,0.19999999999999996,-1,-1,-1,1,1,H
3825770,2016-02-13,Real Madrid,Athletic Club,3.8,0.6,2.6,3.2,6,1.2,2.0,1.4,-0.8,7,2.5999999999999996,-1.4,1.2000000000000002,4.0,-1,-1,-1,1,2,H
3825768,2016-02-12,Sporting Gijón,Rayo Vallecano,1.6,1.8,1.4,-0.2,6,2.0,1.2,1.6,0.8,6,-0.3999999999999999,0.6000000000000001,-0.20000000000000018,-1.0,0,-1,-1,1,0,D
3825736,2016-01-17,Valencia,Rayo Vallecano,1.0,1.6,0.6,-0.6,7,1.2,3.6,0.2,-2.4,8,-0.19999999999999996,-2.0,0.39999999999999997,1.7999999999999998,-1,-1,-1,1,0,D
3825731,2016-01-10,Las Palmas,Málaga,1.6,1.4,1.4,0.2,7,1.2,0.2,2.6,1.0,8,0.40000000000000013,1.2,-1.2000000000000002,-0.8,-1,-1,-1,1,0,D
3825685,2015-12-06,Sporting Gijón,Las Palmas,0.4,1.8,0.6,-1.4,8,0.8,1.2,1.0,-0.4,8,-0.4,0.6000000000000001,-0.4,-0.9999999999999999,0,-1,-1,1,2,H
3825678,2015-11-29,Eibar,Real Madrid,1.4,1.2,1.6,0.2,7,2.2,1.8,1.8,0.4,8,-0.8000000000000003,-0.6000000000000001,-0.19999999999999996,-0.2,-1,-1,-1,1,-2,A
3825643,2015-10-31,Real Madrid,Las Palmas,1.8,0.6,2.2,1.2,7,0.6,1.6,0.8,-1.0,6,1.2000000000000002,-1.0,1.4000000000000001,2.2,1,-1,-1,1,2,H
3825642,2015-10-30,RC Deportivo La Coruña,Atlético Madrid,1.6,1.2,1.6,0.4,6,1.4,0.6,2.0,0.8,5,0.20000000000000018,0.6,-0.3999999999999999,-0.4,1,-1,-1,1,0,D
3825638,2015-10-25,Atlético Madrid,Valencia,1.4,0.4,2.0,1.0,7,1.0,0.8,1.4,0.2,8,0.3999999999999999,-0.4,0.6000000000000001,0.8,-1,-1,-1,1,1,H
3825614,2015-10-03,Granada,RC Deportivo La Coruña,0.6,1.8,0.6,-1.2,8,2.2,1.2,2.0,1.0,6,-1.6,0.6000000000000001,-1.4,-2.2,2,-1,-1,1,0,D
3825612,2015-09-27,Getafe,Levante UD,0.6,1.6,0.6,-1.0,5,1.0,1.8,0.6,-0.8,4,-0.4,-0.19999999999999996,0.0,-0.19999999999999996,1,-1,-1,1,3,H
3825607,2015-09-26,Villarreal,Atlético Madrid,2.2,0.8,2.6,1.4,3,1.8,0.4,2.4,1.4,4,0.40000000000000013,0.4,0.20000000000000018,0.0,-1,-1,-1,1,1,H
3825595,2015-09-20,Villarreal,Athletic Club,1.8,1.4,1.4,0.4,7,1.0,2.2,0.6,-1.2,7,0.8,-0.8000000000000003,0.7999999999999999,1.6,0,-1,-1,1,2,H
3825579,2015-08-30,Sevilla,Atlético Madrid,1.2,2.8,0.4,-1.6,9,0.6,1.0,1.0,-0.4,8,0.6,1.7999999999999998,-0.6,-1.2000000000000002,1,-1,-1,1,-3,A
3825572,2015-08-29,Real Madrid,Real Betis,1.6,1.8,0.8,-0.2,6,1.2,2.8,0.2,-1.6,6,0.40000000000000013,-0.9999999999999998,0.6000000000000001,1.4000000000000001,0,-1,-1,1,5,H
3825774,2016-02-14,Getafe,Atlético Madrid,1.2,1.6,1.2,-0.4,9,1.8,0.6,2.0,1.2,8,-0.6000000000000001,1.0,-0.8,-1.6,1,-1,-1,1,-1,A
3825772,2016-02-13,Valencia,Espanyol,0.6,1.4,0.4,-0.8,6,0.8,3.6,0.2,-2.8,5,-0.20000000000000007,-2.2,0.2,1.9999999999999998,1,-1,-1,1,1,H
3825771,2016-02-13,RC Deportivo La Coruña,Real Betis,1.0,2.0,0.8,-1.0,7,0.6,0.8,1.0,-0.2,6,0.4,1.2,-0.19999999999999996,-0.8,1,-1,-1,1,0,D
3825767,2016-02-08,Espanyol,Real Sociedad,0.8,2.6,0.4,-1.8,8,1.6,1.8,1.6,-0.2,9,-0.8,0.8,-1.2000000000000002,-1.6,-1,-1,-1,1,-5,A
3825706,2015-12-30,Celta Vigo,Athletic Club,1.2,0.8,2.0,0.4,10,1.2,0.8,1.4,0.4,10,0.0,0.0,0.6000000000000001,0.0,0,-1,-1,1,-1,A
3825712,2015-12-30,Getafe,RC Deportivo La Coruña,1.4,1.6,1.2,-0.2,11,1.8,0.6,2.2,1.2,11,-0.40000000000000013,1.0,-1.0000000000000002,-1.4,0,-1,-1,1,0,D
3825708,2015-12-30,Levante UD,Málaga,1.0,1.2,0.8,-0.2,10,1.0,1.0,1.6,0.0,10,0.0,0.19999999999999996,-0.8,-0.2,0,-1,-1,1,-1,A
3825707,2015-12-30,Las Palmas,Granada,0.6,1.4,0.8,-0.8,11,1.2,1.4,1.4,-0.2,10,-0.6,0.0,-0.5999999999999999,-0.6000000000000001,1,-1,-1,1,3,H
3825705,2015-12-30,Eibar,Sporting Gijón,0.6,1.6,0.4,-1.0,11,0.8,1.8,0.6,-1.0,18,-0.20000000000000007,-0.19999999999999996,-0.19999999999999996,0.0,-7,-1,-1,1,2,H
3825711,2015-12-30,Rayo Vallecano,Atlético Madrid,1.0,3.6,0.2,-2.6,10,1.2,0.4,2.4,0.8,10,-0.19999999999999996,3.2,-2.1999999999999997,-3.4000000000000004,0,-1,-1,1,-2,A
3825703,2015-12-20,Athletic Club,Levante UD,1.2,1.0,1.4,0.2,7,1.2,1.0,1.0,0.2,8,0.0,0.0,0.3999999999999999,0.0,-1,-1,-1,1,2,H
3825700,2015-12-20,Real Madrid,Rayo Vallecano,1.6,1.8,1.2,-0.2,7,1.0,1.8,0.8,-0.8,7,0.6000000000000001,0.0,0.3999999999999999,0.6000000000000001,0,-1,-1,1,5,H
3825701,2015-12-20,Málaga,Atlético Madrid,0.8,1.2,1.0,-0.4,7,1.4,0.2,3.0,1.2,7,-0.5999999999999999,1.0,-2.0,-1.6,0,-1,-1,1,1,H
3825702,2015-12-20,Real Sociedad,Villarreal,1.0,1.6,1.4,-0.6,9,0.8,1.4,1.4,-0.6,7,0.19999999999999996,0.20000000000000018,0.0,0.0,2,-1,-1,1,-2,A
3825704,2015-12-20,Granada,Celta Vigo,1.4,1.4,1.4,0.0,8,1.0,1.8,1.4,-0.8,8,0.3999999999999999,-0.40000000000000013,0.0,0.8,0,-1,-1,1,-2,A
3825891,2015-12-19,Espanyol,Las Palmas,0.8,1.0,0.8,-0.2,7,1.0,1.2,1.4,-0.2,7,-0.19999999999999996,-0.19999999999999996,-0.5999999999999999,0.0,0,-1,-1,1,1,H
3825699,2015-12-19,Real Betis,Sevilla,0.6,0.6,1.4,0.0,7,1.4,1.0,2.0,0.4,7,-0.7999999999999999,-0.4,-0.6000000000000001,-0.4,0,-1,-1,1,0,D
3825697,2015-12-19,Valencia,Getafe,1.6,1.0,1.2,0.6,6,1.2,1.8,1.0,-0.6,8,0.40000000000000013,-0.8,0.19999999999999996,1.2,-2,-1,-1,1,0,D
3825698,2015-12-19,RC Deportivo La Coruña,Eibar,1.6,0.8,1.8,0.8,7,1.2,1.4,1.0,-0.2,6,0.40000000000000013,-0.5999999999999999,0.8,1.0,1,-1,-1,1,2,H
3825694,2015-12-13,Eibar,Valencia,1.2,1.2,1.4,0.0,7,2.0,0.8,1.6,1.2,8,-0.8,0.3999999999999999,-0.20000000000000018,-1.2,-1,-1,-1,1,0,D
3825693,2015-12-13,Atlético Madrid,Athletic Club,1.2,0.2,2.6,1.0,8,1.6,0.8,2.0,0.8,7,-0.40000000000000013,-0.6000000000000001,0.6000000000000001,0.19999999999999996,1,-1,-1,1,1,H
3825696,2015-12-13,Rayo Vallecano,Málaga,0.8,1.6,0.8,-0.8,7,0.4,1.2,0.4,-0.8,7,0.4,0.40000000000000013,0.4,0.0,0,-1,-1,1,-1,A
3825695,2015-12-13,Villarreal,Real Madrid,1.0,1.6,1.4,-0.6,7,2.2,1.8,1.8,0.4,8,-1.2000000000000002,-0.19999999999999996,-0.40000000000000013,-1.0,-1,-1,-1,1,1,H
3825689,2015-12-12,Celta Vigo,Espanyol,1.4,2.2,1.4,-0.8,7,1.0,1.0,1.0,0.0,5,0.3999999999999999,1.2000000000000002,0.3999999999999999,-0.8,2,-1,-1,1,1,H
3825690,2015-12-12,Las Palmas,Real Betis,1.0,1.8,0.8,-0.8,6,0.8,1.0,1.4,-0.2,7,0.19999999999999996,0.8,-0.5999999999999999,-0.6000000000000001,-1,-1,-1,1,1,H
3825692,2015-12-12,Sevilla,Sporting Gijón,1.2,1.4,1.4,-0.2,7,1.0,1.4,1.2,-0.4,6,0.19999999999999996,0.0,0.19999999999999996,0.2,1,-1,-1,1,2,H
3825691,2015-12-12,Levante UD,Granada,1.0,1.2,1.0,-0.2,5,1.2,1.4,1.0,-0.2,7,-0.19999999999999996,-0.19999999999999996,0.0,0.0,-2,-1,-1,1,-1,A
3825688,2015-12-11,Getafe,Real Sociedad,1.0,2.0,0.8,-1.0,6,1.2,2.0,1.2,-0.8,5,-0.19999999999999996,0.0,-0.3999999999999999,-0.19999999999999996,1,-1,-1,1,0,D
3825687,2015-12-07,Espanyol,Levante UD,0.8,1.4,0.8,-0.6,9,0.8,1.8,0.8,-1.0,10,0.0,-0.40000000000000013,0.0,0.4,-1,-1,-1,1,0,D
3825683,2015-12-06,Real Sociedad,Eibar,1.6,1.8,1.2,-0.2,8,1.2,1.4,1.4,-0.2,7,0.40000000000000013,0.40000000000000013,-0.19999999999999996,0.0,1,-1,-1,1,1,H
3825686,2015-12-06,Athletic Club,Málaga,2.2,0.8,2.4,1.4,7,0.8,1.2,0.8,-0.4,8,1.4000000000000001,-0.3999999999999999,1.5999999999999999,1.7999999999999998,-1,-1,-1,1,0,D
3825684,2015-12-06,Villarreal,Rayo Vallecano,0.6,1.4,1.0,-0.8,7,1.2,1.2,1.4,0.0,7,-0.6,0.19999999999999996,-0.3999999999999999,-0.8,0,-1,-1,1,1,H
3825681,2015-12-05,Real Madrid,Getafe,2.0,1.8,1.8,0.2,6,0.8,2.2,0.8,-1.4,6,1.2,-0.40000000000000013,1.0,1.5999999999999999,0,-1,-1,1,3,H
3825682,2015-12-05,Granada,Atlético Madrid,1.4,1.2,1.2,0.2,7,1.2,0.4,2.6,0.8,7,0.19999999999999996,0.7999999999999999,-1.4000000000000001,-0.6000000000000001,0,-1,-1,1,-2,A
3825680,2015-12-05,RC Deportivo La Coruña,Sevilla,1.2,0.8,1.6,0.4,7,2.0,1.2,1.8,0.8,6,-0.8,-0.3999999999999999,-0.19999999999999996,-0.4,1,-1,-1,1,0,D
3825677,2015-11-29,Sevilla,Valencia,2.0,1.4,1.4,0.6,8,2.6,0.8,2.0,1.8,8,-0.6000000000000001,0.5999999999999999,-0.6000000000000001,-1.2000000000000002,0,-1,-1,1,1,H
3825675,2015-11-29,Rayo Vallecano,Athletic Club,1.6,1.6,1.4,0.0,6,2.0,1.2,2.0,0.8,7,-0.3999999999999999,0.40000000000000013,-0.6000000000000001,-0.8,-1,-1,-1,1,-3,A
3825676,2015-11-29,Getafe,Villarreal,1.2,2.2,0.8,-1.0,6,0.8,1.4,1.0,-0.6,7,0.3999999999999999,0.8000000000000003,-0.19999999999999996,-0.4,-1,-1,-1,1,2,H
3825674,2015-11-28,Atlético Madrid,Espanyol,1.4,0.4,2.6,1.0,6,1.4,1.4,1.4,0.0,7,0.0,-0.9999999999999999,1.2000000000000002,1.0,-1,-1,-1,1,1,H
3825673,2015-11-28,Las Palmas,RC Deportivo La Coruña,0.8,1.6,1.0,-0.8,7,1.2,1.2,1.2,0.0,7,-0.3999999999999999,0.40000000000000013,-0.19999999999999996,-0.8,0,-1,-1,1,-2,A
3825671,2015-11-28,Celta Vigo,Sporting Gijón,1.4,2.6,1.2,-1.2,7,0.8,2.0,0.8,-1.2,6,0.5999999999999999,0.6000000000000001,0.3999999999999999,0.0,1,-1,-1,1,1,H
3825672,2015-11-28,Málaga,Granada,0.4,1.4,0.6,-1.0,7,1.6,1.4,1.2,0.2,6,-1.2000000000000002,0.0,-0.6,-1.2,1,-1,-1,1,0,D
3825670,2015-11-27,Levante UD,Real Betis,0.8,2.2,0.8,-1.4,5,0.8,1.6,0.8,-0.8,5,0.0,0.6000000000000001,0.0,-0.5999999999999999,0,-1,-1,1,-1,A
3825669,2015-11-23,Getafe,Rayo Vallecano,1.0,2.0,0.8,-1.0,16,1.4,1.8,1.2,-0.4,16,-0.3999999999999999,0.19999999999999996,-0.3999999999999999,-0.6,0,-1,-1,1,0,D
3825668,2015-11-22,Sporting Gijón,Levante UD,1.2,1.6,1.4,-0.4,14,0.4,2.2,0.8,-1.8,15,0.7999999999999999,-0.6000000000000001,0.5999999999999999,1.4,-1,-1,-1,1,-3,A
3825666,2015-11-22,Real Betis,Atlético Madrid,1.2,1.4,1.4,-0.2,15,1.4,0.6,2.2,0.8,14,-0.19999999999999996,0.7999999999999999,-0.8000000000000003,-1.0,1,-1,-1,1,-1,A
3825665,2015-11-22,Granada,Athletic Club,1.4,1.6,0.8,-0.2,15,2.6,1.0,2.6,1.6,14,-1.2000000000000002,0.6000000000000001,-1.8,-1.8,1,-1,-1,1,2,H
3825667,2015-11-22,Villarreal,Eibar,0.6,1.4,0.8,-0.8,14,1.6,1.0,2.0,0.6,15,-1.0,0.3999999999999999,-1.2,-1.4,-1,-1,-1,1,0,D
3825664,2015-11-21,Real Sociedad,Sevilla,1.4,2.0,0.6,-0.6,15,2.4,1.2,2.0,1.2,13,-1.0,0.8,-1.4,-1.7999999999999998,2,-1,-1,1,2,H
3825662,2015-11-21,RC Deportivo La Coruña,Celta Vigo,1.0,1.4,0.8,-0.4,14,1.4,2.2,1.4,-0.8,14,-0.3999999999999999,-0.8000000000000003,-0.5999999999999999,0.4,0,-1,-1,1,2,H
3825888,2015-11-21,Valencia,Las Palmas,2.6,1.2,1.8,1.4,14,0.6,1.8,0.8,-1.2,15,2.0,-0.6000000000000001,1.0,2.5999999999999996,-1,-1,-1,1,0,D
3825663,2015-11-21,Espanyol,Málaga,1.2,1.8,0.8,-0.6,13,1.0,1.2,1.2,-0.2,14,0.19999999999999996,0.6000000000000001,-0.3999999999999999,-0.39999999999999997,-1,-1,-1,1,2,H
3825659,2015-11-08,Athletic Club,Espanyol,2.2,0.8,2.2,1.4,7,1.0,2.0,0.8,-1.0,7,1.2000000000000002,-1.2,1.4000000000000001,2.4,0,-1,-1,1,1,H
3825658,2015-11-08,Atlético Madrid,Sporting Gijón,1.2,0.8,1.6,0.4,9,1.4,1.8,1.4,-0.4,7,-0.19999999999999996,-1.0,0.20000000000000018,0.8,2,-1,-1,1,1,H
3825660,2015-11-08,Barcelona,Villarreal,2.6,1.2,2.4,1.4,8,0.8,0.8,1.4,0.0,8,1.8,0.3999999999999999,1.0,1.4,0,-1,-1,1,3,H
3825661,2015-11-08,Sevilla,Real Madrid,2.4,1.2,2.0,1.2,8,2.0,0.6,2.2,1.4,8,0.3999999999999999,0.6,-0.20000000000000018,-0.19999999999999996,0,-1,-1,1,1,H
3825656,2015-11-07,Levante UD,RC Deportivo La Coruña,0.2,2.6,0.6,-2.4,7,1.4,1.2,1.2,0.2,8,-1.2,1.4000000000000001,-0.6,-2.6,-1,-1,-1,1,0,D
3825657,2015-11-07,Málaga,Real Betis,1.0,1.0,1.4,0.0,6,1.4,1.6,1.4,-0.2,6,-0.3999999999999999,-0.6000000000000001,0.0,0.2,0,-1,-1,1,-1,A
3825652,2015-11-06,Las Palmas,Real Sociedad,0.4,2.2,0.2,-1.8,6,1.4,1.6,0.8,-0.2,6,-0.9999999999999999,0.6000000000000001,-0.6000000000000001,-1.6,0,-1,-1,1,2,H
3825623,2015-10-17,Valencia,Málaga,0.6,0.8,1.4,-0.2,13,0.6,0.6,1.0,0.0,14,0.0,0.20000000000000007,0.3999999999999999,-0.2,-1,-1,-1,1,3,H
3825626,2015-10-17,Real Betis,Espanyol,1.2,0.6,2.0,0.6,13,1.0,2.6,1.2,-1.6,14,0.19999999999999996,-2.0,0.8,2.2,-1,-1,-1,1,-2,A
3825616,2015-10-03,Málaga,Real Sociedad,0.0,0.6,0.4,-0.6,7,1.0,0.8,1.0,0.2,6,-1.0,-0.20000000000000007,-0.6,-0.8,1,-1,-1,1,2,H
3825608,2015-09-26,Eibar,Celta Vigo,1.4,1.0,1.6,0.4,3,2.8,1.2,2.6,1.6,3,-1.4,-0.19999999999999996,-1.0,-1.2000000000000002,0,-1,-1,1,0,D
3825601,2015-09-23,Rayo Vallecano,Sporting Gijón,0.6,2.4,0.8,-1.8,3,0.6,0.8,1.0,-0.2,3,0.0,1.5999999999999999,-0.19999999999999996,-1.6,0,-1,-1,1,1,H
3825647,2015-10-31,Valencia,Levante UD,1.2,1.2,1.2,0.0,6,0.6,2.4,0.8,-1.8,6,0.6,-1.2,0.3999999999999999,1.8,0,-1,-1,1,3,H
3825637,2015-10-25,Barcelona,Eibar,2.6,2.0,1.8,0.6,8,1.2,1.2,1.2,0.0,8,1.4000000000000001,0.8,0.6000000000000001,0.6,0,-1,-1,1,2,H
3825628,2015-10-18,Getafe,Las Palmas,1.0,1.0,1.4,0.0,16,1.2,1.6,0.8,-0.4,15,-0.19999999999999996,-0.6000000000000001,0.5999999999999999,0.4,1,-1,-1,1,4,H
3825619,2015-10-04,Levante UD,Villarreal,0.8,2.0,0.6,-1.2,7,2.2,0.6,3.0,1.6,8,-1.4000000000000001,1.4,-2.4,-2.8,-1,-1,-1,1,1,H
3825618,2015-10-03,Las Palmas,Eibar,1.2,1.2,1.0,0.0,7,1.0,1.0,1.2,0.0,7,0.19999999999999996,0.19999999999999996,-0.19999999999999996,0.0,0,-1,-1,1,-2,A
3825611,2015-09-27,RC Deportivo La Coruña,Espanyol,1.6,1.2,1.6,0.4,3,1.2,2.2,1.8,-1.0,5,0.40000000000000013,-1.0000000000000002,-0.19999999999999996,1.4,-2,-1,-1,1,3,H
3825609,2015-09-27,Real Sociedad,Athletic Club,1.0,0.8,1.0,0.2,5,1.0,1.8,0.6,-0.8,4,0.0,-1.0,0.4,1.0,1,-1,-1,1,0,D
3825598,2015-09-22,Atlético Madrid,Getafe,1.4,0.6,1.8,0.8,3,0.6,2.4,0.6,-1.8,4,0.7999999999999999,-1.7999999999999998,1.2000000000000002,2.6,-1,-1,-1,1,2,H
3825584,2015-09-13,Granada,Villarreal,1.0,2.6,1.2,-1.6,14,1.6,1.8,0.8,-0.2,16,-0.6000000000000001,0.8,0.3999999999999999,-1.4000000000000001,-2,-1,-1,1,-2,A
3825570,2015-08-24,Granada,Eibar,0.6,2.6,0.6,-2.0,177,0.0,0.0,0.0,0.0,163,0.6,2.6,0.6,-2.0,14,-1,-1,1,-2,A
3825562,2015-08-21,Málaga,Sevilla,0.6,2.0,0.8,-1.4,181,1.4,3.2,0.2,-1.8,132,-0.7999999999999999,-1.2000000000000002,0.6000000000000001,0.40000000000000013,49,-1,-1,1,0,D
3825892,2015-09-22,Granada,Real Sociedad,1.0,2.2,0.6,-1.2,3,0.4,1.2,0.4,-0.8,3,0.6,1.0000000000000002,0.19999999999999996,-0.3999999999999999,0,-1,-1,1,-3,A
3825874,2015-10-24,Sevilla,Getafe,1.4,1.6,1.4,-0.2,7,1.6,0.4,2.0,1.2,6,-0.20000000000000018,1.2000000000000002,-0.6000000000000001,-1.4,1,-1,-1,1,5,H
3825679,2015-12-05,Real Betis,Celta Vigo,0.8,1.0,1.4,-0.2,8,1.4,2.6,1.2,-1.2,7,-0.5999999999999999,-1.6,0.19999999999999996,1.0,1,-1,-1,1,0,D
3825655,2015-11-07,Rayo Vallecano,Granada,1.4,2.2,0.6,-0.8,6,1.2,1.4,0.8,-0.2,6,0.19999999999999996,0.8000000000000003,-0.20000000000000007,-0.6000000000000001,0,-1,-1,1,1,H
3825654,2015-11-07,Celta Vigo,Valencia,1.4,1.4,1.6,0.0,7,1.8,1.0,1.8,0.8,7,-0.40000000000000013,0.3999999999999999,-0.19999999999999996,-0.8,0,-1,-1,1,-4,A
3825653,2015-11-07,Eibar,Getafe,1.2,1.0,1.6,0.2,6,1.4,1.4,1.4,0.0,7,-0.19999999999999996,-0.3999999999999999,0.20000000000000018,0.2,-1,-1,-1,1,2,H
3825651,2015-11-01,Espanyol,Granada,1.0,1.8,1.2,-0.8,9,1.0,1.8,0.6,-0.8,8,0.0,0.0,0.6,0.0,1,-1,-1,1,0,D
3825650,2015-11-01,Real Betis,Athletic Club,1.4,1.4,1.4,0.0,8,1.8,1.0,1.6,0.8,6,-0.40000000000000013,0.3999999999999999,-0.20000000000000018,-0.8,2,-1,-1,1,-2,A
3825649,2015-11-01,Sporting Gijón,Málaga,1.4,2.2,0.8,-0.8,6,1.0,1.0,1.4,0.0,8,0.3999999999999999,1.2000000000000002,-0.5999999999999999,-0.8,-2,-1,-1,1,1,H
3825648,2015-11-01,Eibar,Rayo Vallecano,1.4,1.4,1.2,0.0,7,1.8,2.2,1.2,-0.4,9,-0.40000000000000013,-0.8000000000000003,0.0,0.4,-2,-1,-1,1,1,H
3825765,2016-02-07,Celta Vigo,Sevilla,1.0,2.4,0.6,-1.4,7,1.6,0.8,2.0,0.8,7,-0.6000000000000001,1.5999999999999999,-1.4,-2.2,0,-1,-1,1,0,D
3825766,2016-02-07,Real Betis,Valencia,0.4,1.6,0.4,-1.2,8,1.0,1.6,0.6,-0.6,7,-0.6,0.0,-0.19999999999999996,-0.6,1,-1,-1,1,1,H
3825764,2016-02-07,Granada,Real Madrid,1.2,2.6,1.2,-1.4,8,3.8,0.8,2.2,3.0,7,-2.5999999999999996,1.8,-1.0000000000000002,-4.4,1,-1,-1,1,-1,A
3825760,2016-02-06,Atlético Madrid,Eibar,1.4,0.4,2.0,1.0,7,2.8,1.8,1.8,1.0,7,-1.4,-1.4,0.19999999999999996,0.0,0,-1,-1,1,2,H
3825763,2016-02-06,Rayo Vallecano,Las Palmas,2.0,1.6,1.2,0.4,5,1.4,2.0,1.0,-0.6,6,0.6000000000000001,-0.3999999999999999,0.19999999999999996,1.0,-1,-1,-1,1,2,H
3825761,2016-02-06,Athletic Club,Villarreal,1.6,2.4,1.4,-0.8,7,1.4,0.6,2.2,0.8,7,0.20000000000000018,1.7999999999999998,-0.8000000000000003,-1.6,0,-1,-1,1,0,D
3825762,2016-02-06,Sporting Gijón,RC Deportivo La Coruña,1.6,2.0,1.2,-0.4,6,1.0,2.2,0.6,-1.2,5,0.6000000000000001,-0.20000000000000018,0.6,0.7999999999999999,1,-1,-1,1,0,D
3825759,2016-02-05,Málaga,Getafe,1.4,1.2,1.4,0.2,6,1.6,1.2,1.8,0.4,6,-0.20000000000000018,0.0,-0.40000000000000013,-0.2,0,-1,-1,1,3,H
3825758,2016-02-01,RC Deportivo La Coruña,Rayo Vallecano,0.6,1.8,0.6,-1.2,8,1.6,1.6,1.0,0.0,9,-1.0,0.19999999999999996,-0.4,-1.2,-1,-1,-1,1,0,D
3825756,2016-01-31,Sevilla,Levante UD,1.4,0.6,2.0,0.8,7,1.6,1.8,1.2,-0.2,6,-0.20000000000000018,-1.2000000000000002,0.8,1.0,1,-1,-1,1,2,H
3825755,2016-01-31,Valencia,Sporting Gijón,1.0,1.6,0.6,-0.6,7,1.4,2.4,0.6,-1.0,9,-0.3999999999999999,-0.7999999999999998,0.0,0.4,-2,-1,-1,1,-1,A
3825754,2016-01-31,Las Palmas,Celta Vigo,1.8,2.0,1.0,-0.2,6,0.8,2.2,0.6,-1.4,8,1.0,-0.20000000000000018,0.4,1.2,-2,-1,-1,1,1,H
3825750,2016-01-30,Real Sociedad,Real Betis,1.4,2.2,1.0,-0.8,8,0.2,2.0,0.4,-1.8,6,1.2,0.20000000000000018,0.6,1.0,2,-1,-1,1,1,H
3825752,2016-01-30,Eibar,Málaga,3.0,1.4,2.4,1.6,6,1.2,1.0,1.4,0.2,7,1.8,0.3999999999999999,1.0,1.4000000000000001,-1,-1,-1,1,-1,A
3825751,2016-01-30,Getafe,Athletic Club,1.6,1.0,2.0,0.6,7,1.6,2.4,1.4,-0.8,6,0.0,-1.4,0.6000000000000001,1.4,1,-1,-1,1,-1,A
3825753,2016-01-30,Villarreal,Granada,1.4,0.6,2.2,0.8,7,1.4,3.2,1.2,-1.8,7,0.0,-2.6,1.0000000000000002,2.6,0,-1,-1,1,1,H
3825749,2016-01-25,Levante UD,Las Palmas,1.0,1.8,0.6,-0.8,9,1.4,1.6,1.0,-0.2,8,-0.3999999999999999,0.19999999999999996,-0.4,-0.6000000000000001,1,-1,-1,1,1,H
3825747,2016-01-24,Athletic Club,Eibar,1.0,2.0,1.4,-1.0,7,2.6,0.8,2.4,1.8,6,-1.6,1.2,-1.0,-2.8,1,-1,-1,1,3,H
3825748,2016-01-24,Atlético Madrid,Sevilla,1.6,0.2,2.4,1.4,7,1.4,0.6,2.0,0.8,8,0.20000000000000018,-0.39999999999999997,0.3999999999999999,0.5999999999999999,-1,-1,-1,1,0,D
3825745,2016-01-24,RC Deportivo La Coruña,Valencia,0.8,1.6,1.0,-0.8,8,1.2,1.8,0.6,-0.6,7,-0.3999999999999999,-0.19999999999999996,0.4,-0.20000000000000007,1,-1,-1,1,0,D
3825746,2016-01-24,Real Betis,Real Madrid,0.0,1.8,0.4,-1.8,8,5.0,1.2,2.6,3.8,7,-5.0,0.6000000000000001,-2.2,-5.6,1,-1,-1,1,0,D
3825743,2016-01-23,Rayo Vallecano,Celta Vigo,1.4,3.6,0.4,-2.2,6,1.2,1.6,1.2,-0.4,7,0.19999999999999996,2.0,-0.7999999999999999,-1.8000000000000003,-1,-1,-1,1,3,H
3825744,2016-01-23,Espanyol,Villarreal,0.6,1.4,0.8,-0.8,6,1.4,0.2,2.6,1.2,7,-0.7999999999999999,1.2,-1.8,-2.0,-1,-1,-1,1,0,D
3825742,2016-01-23,Granada,Getafe,0.8,3.2,0.6,-2.4,5,1.6,0.8,2.2,0.8,6,-0.8,2.4000000000000004,-1.6,-3.2,-1,-1,-1,1,1,H
3825741,2016-01-22,Sporting Gijón,Real Sociedad,0.4,2.6,0.0,-2.2,5,1.2,1.6,1.0,-0.4,6,-0.7999999999999999,1.0,-1.0,-1.8000000000000003,-1,-1,-1,1,4,H
3825738,2016-01-17,Las Palmas,Atlético Madrid,1.6,1.0,1.6,0.6,7,1.4,0.4,2.4,1.0,7,0.20000000000000018,0.6,-0.7999999999999998,-0.4,0,-1,-1,1,-3,A
3825737,2016-01-17,Getafe,Espanyol,1.2,0.8,1.8,0.4,8,0.4,1.0,0.8,-0.6,7,0.7999999999999999,-0.19999999999999996,1.0,1.0,1,-1,-1,1,2,H
3825734,2016-01-16,Real Sociedad,RC Deportivo La Coruña,1.2,1.6,1.0,-0.4,6,1.0,1.8,1.0,-0.8,7,0.19999999999999996,-0.19999999999999996,0.0,0.4,-1,-1,-1,1,0,D
3825733,2016-01-16,Sevilla,Málaga,1.4,0.4,2.0,1.0,7,1.4,0.4,2.6,1.0,6,0.0,0.0,-0.6000000000000001,0.0,1,-1,-1,1,1,H
3825732,2016-01-16,Celta Vigo,Levante UD,0.6,1.0,1.2,-0.4,6,0.6,1.4,0.6,-0.8,7,0.0,-0.3999999999999999,0.6,0.4,-1,-1,-1,1,1,H
3825735,2016-01-16,Villarreal,Real Betis,1.6,0.2,3.0,1.4,6,0.0,2.0,0.2,-2.0,7,1.6,-1.8,2.8,3.4,-1,-1,-1,1,0,D
3825729,2016-01-10,Villarreal,Sporting Gijón,1.6,0.4,3.0,1.2,7,1.0,1.8,0.6,-0.8,6,0.6000000000000001,-1.4,2.4,2.0,1,-1,-1,1,2,H
3825728,2016-01-10,Celta Vigo,Atlético Madrid,0.8,0.8,1.4,0.0,8,1.4,0.4,2.4,1.0,8,-0.5999999999999999,0.4,-1.0,-1.0,0,-1,-1,1,-2,A
3825730,2016-01-10,Real Sociedad,Valencia,1.2,1.8,1.0,-0.6,7,1.2,1.4,0.8,-0.2,7,0.0,0.40000000000000013,0.19999999999999996,-0.39999999999999997,0,-1,-1,1,2,H
3825727,2016-01-10,Eibar,Espanyol,1.6,1.0,1.4,0.6,7,0.4,0.8,1.0,-0.4,8,1.2000000000000002,0.19999999999999996,0.3999999999999999,1.0,-1,-1,-1,1,1,H
3825723,2016-01-09,Levante UD,Rayo Vallecano,0.4,1.4,0.2,-1.0,7,1.2,3.6,0.2,-2.4,6,-0.7999999999999999,-2.2,0.0,1.4,1,-1,-1,1,1,H
3825726,2016-01-09,Sevilla,Athletic Club,1.2,0.6,1.6,0.6,6,1.2,0.8,1.6,0.4,6,0.0,-0.20000000000000007,0.0,0.19999999999999996,0,-1,-1,1,2,H
3825725,2016-01-09,Getafe,Real Betis,1.2,1.6,1.2,-0.4,5,0.2,2.0,0.4,-1.8,6,1.0,-0.3999999999999999,0.7999999999999999,1.4,-1,-1,-1,1,1,H
3825724,2016-01-09,Real Madrid,RC Deportivo La Coruña,3.8,1.4,2.0,2.4,6,1.2,1.0,1.2,0.2,6,2.5999999999999996,0.3999999999999999,0.8,2.1999999999999997,0,-1,-1,1,5,H
3825722,2016-01-04,Sporting Gijón,Getafe,0.8,2.0,0.6,-1.2,5,1.2,1.4,1.2,-0.2,5,-0.3999999999999999,0.6000000000000001,-0.6,-1.0,0,-1,-1,1,-1,A
3825716,2016-01-03,Rayo Vallecano,Real Sociedad,0.8,3.8,0.0,-3.0,4,0.8,2.2,0.8,-1.4,4,0.0,1.5999999999999996,-0.8,-1.6,0,-1,-1,1,0,D
3825719,2016-01-03,Athletic Club,Las Palmas,1.4,0.4,2.0,1.0,4,1.2,1.4,1.2,-0.2,4,0.19999999999999996,-0.9999999999999999,0.8,1.2,0,-1,-1,1,0,D
3825720,2016-01-03,Real Betis,Eibar,0.4,1.2,1.0,-0.8,4,0.8,1.4,0.8,-0.6,4,-0.4,-0.19999999999999996,0.19999999999999996,-0.20000000000000007,0,-1,-1,1,-4,A
3825717,2016-01-03,Granada,Sevilla,1.0,2.2,0.8,-1.2,4,1.2,0.2,2.2,1.0,4,-0.19999999999999996,2.0,-1.4000000000000001,-2.2,0,-1,-1,1,1,H
3825721,2016-01-03,RC Deportivo La Coruña,Villarreal,1.4,0.6,1.8,0.8,4,1.2,0.6,2.4,0.6,3,0.19999999999999996,0.0,-0.5999999999999999,0.20000000000000007,1,-1,-1,1,-1,A
3825718,2016-01-03,Valencia,Real Madrid,0.8,1.2,0.6,-0.4,3,3.8,1.0,2.4,2.8,4,-3.0,0.19999999999999996,-1.7999999999999998,-3.1999999999999997,-1,-1,-1,1,0,D
3825715,2016-01-02,Málaga,Celta Vigo,1.2,0.6,2.2,0.6,3,1.2,0.6,2.0,0.6,3,0.0,0.0,0.20000000000000018,0.0,0,-1,-1,1,2,H
3825714,2016-01-02,Atlético Madrid,Levante UD,1.4,0.4,2.4,1.0,3,0.4,1.4,0.2,-1.0,3,0.9999999999999999,-0.9999999999999999,2.1999999999999997,2.0,0,-1,-1,1,1,H
3825713,2015-12-31,Villarreal,Valencia,1.2,0.8,2.0,0.4,11,1.0,1.2,0.8,-0.2,12,0.19999999999999996,-0.3999999999999999,1.2,0.6000000000000001,-1,-1,-1,1,1,H
3825710,2015-12-30,Real Madrid,Real Sociedad,3.2,1.6,1.8,1.6,10,1.0,1.6,1.4,-0.6,10,2.2,0.0,0.40000000000000013,2.2,0,-1,-1,1,2,H
3825709,2015-12-30,Sevilla,Espanyol,0.8,0.6,1.6,0.2,11,0.8,0.6,1.4,0.2,11,0.0,0.0,0.20000000000000018,0.0,0,-1,-1,1,2,H
3825646,2015-10-31,Villarreal,Sevilla,0.6,0.6,1.4,0.0,6,2.2,1.2,2.0,1.0,7,-1.6,-0.6,-0.6000000000000001,-1.0,-1,-1,-1,1,1,H
3825645,2015-10-31,Getafe,Barcelona,1.4,1.4,1.4,0.0,7,2.4,2.0,1.8,0.4,6,-1.0,-0.6000000000000001,-0.40000000000000013,-0.4,1,-1,-1,1,-2,A
3825644,2015-10-31,Real Sociedad,Celta Vigo,1.6,1.0,1.4,0.6,6,1.6,1.2,1.6,0.4,7,0.0,-0.19999999999999996,-0.20000000000000018,0.19999999999999996,-1,-1,-1,1,-1,A
3825640,2015-10-25,Levante UD,Real Sociedad,0.8,2.4,0.8,-1.6,8,1.2,1.6,0.8,-0.4,7,-0.3999999999999999,0.7999999999999998,0.0,-1.2000000000000002,1,-1,-1,1,-4,A
3825639,2015-10-25,Las Palmas,Villarreal,0.6,1.8,0.6,-1.2,7,1.2,0.8,1.8,0.4,7,-0.6,1.0,-1.2000000000000002,-1.6,0,-1,-1,1,0,D
3825636,2015-10-24,Málaga,RC Deportivo La Coruña,0.6,1.2,0.8,-0.6,7,2.0,1.4,1.6,0.6,6,-1.4,-0.19999999999999996,-0.8,-1.2,1,-1,-1,1,2,H
3825635,2015-10-24,Celta Vigo,Real Madrid,1.8,0.8,2.2,1.0,6,1.4,0.4,2.2,1.0,7,0.40000000000000013,0.4,0.0,0.0,-1,-1,-1,1,-2,A
3825634,2015-10-24,Granada,Real Betis,0.8,1.8,0.4,-1.0,5,1.2,1.2,1.4,0.0,7,-0.3999999999999999,0.6000000000000001,-0.9999999999999999,-1.0,-2,-1,-1,1,0,D
3825633,2015-10-23,Rayo Vallecano,Espanyol,1.4,2.2,1.2,-0.8,6,1.6,1.6,1.8,0.0,6,-0.20000000000000018,0.6000000000000001,-0.6000000000000001,-0.8,0,-1,-1,1,3,H
3825632,2015-10-19,Sporting Gijón,Granada,1.4,1.6,1.2,-0.2,16,0.4,1.8,0.2,-1.4,16,0.9999999999999999,-0.19999999999999996,1.0,1.2,0,-1,-1,1,0,D
3825631,2015-10-18,Real Sociedad,Atlético Madrid,1.2,1.4,0.8,-0.2,15,1.2,0.8,1.4,0.4,14,0.0,0.5999999999999999,-0.5999999999999999,-0.6000000000000001,1,-1,-1,1,-2,A
3825630,2015-10-18,RC Deportivo La Coruña,Athletic Club,2.2,1.2,2.0,1.0,15,1.6,1.4,1.4,0.2,14,0.6000000000000001,-0.19999999999999996,0.6000000000000001,0.8,1,-1,-1,1,0,D
3825629,2015-10-18,Villarreal,Celta Vigo,1.6,0.6,2.4,1.0,14,2.0,1.2,1.8,0.8,16,-0.3999999999999999,-0.6,0.5999999999999999,0.19999999999999996,-2,-1,-1,1,-1,A
3825627,2015-10-17,Barcelona,Rayo Vallecano,2.0,1.8,1.8,0.2,14,1.2,1.8,1.2,-0.6,13,0.8,0.0,0.6000000000000001,0.8,1,-1,-1,1,3,H
3825625,2015-10-17,Real Madrid,Levante UD,2.0,0.4,2.2,1.6,13,1.0,2.0,1.0,-1.0,13,1.0,-1.6,1.2000000000000002,2.6,0,-1,-1,1,3,H
3825624,2015-10-17,Eibar,Sevilla,1.0,1.0,1.2,0.0,14,1.4,1.6,1.4,-0.2,14,-0.3999999999999999,-0.6000000000000001,-0.19999999999999996,0.2,0,-1,-1,1,0,D
3825622,2015-10-04,Athletic Club,Valencia,1.0,1.6,0.8,-0.6,7,0.6,0.4,1.6,0.2,9,0.4,1.2000000000000002,-0.8,-0.8,-2,-1,-1,1,2,H
3825621,2015-10-04,Atlético Madrid,Real Madrid,1.6,0.6,1.8,1.0,8,2.8,0.2,2.6,2.6,8,-1.1999999999999997,0.39999999999999997,-0.8,-1.6,0,-1,-1,1,0,D
3825620,2015-10-04,Rayo Vallecano,Real Betis,1.2,2.0,1.2,-0.8,8,0.8,1.6,1.4,-0.8,7,0.3999999999999999,0.3999999999999999,-0.19999999999999996,0.0,1,-1,-1,1,-2,A
3825617,2015-10-03,Sevilla,Barcelona,1.0,2.0,0.8,-1.0,7,2.0,1.4,2.4,0.6,7,-1.0,0.6000000000000001,-1.5999999999999999,-1.6,0,-1,-1,1,1,H
3825615,2015-10-03,Espanyol,Sporting Gijón,1.0,2.8,1.2,-1.8,6,1.0,1.4,0.8,-0.4,6,0.0,1.4,0.3999999999999999,-1.4,0,-1,-1,1,-1,A
3825613,2015-10-02,Celta Vigo,Getafe,2.6,1.2,2.2,1.4,6,1.2,1.4,1.2,-0.2,5,1.4000000000000001,-0.19999999999999996,1.0000000000000002,1.5999999999999999,1,-1,-1,1,0,D
3825610,2015-09-27,Sporting Gijón,Real Betis,0.8,1.0,1.0,-0.2,4,0.6,1.6,1.0,-1.0,3,0.20000000000000007,-0.6000000000000001,0.0,0.8,1,-1,-1,1,-1,A
3825606,2015-09-26,Real Madrid,Málaga,2.8,0.2,2.6,2.6,3,0.0,0.6,0.4,-0.6,3,2.8,-0.39999999999999997,2.2,3.2,0,-1,-1,1,0,D
3825605,2015-09-26,Sevilla,Rayo Vallecano,0.4,1.6,0.4,-1.2,3,0.8,1.4,1.4,-0.6,3,-0.4,0.20000000000000018,-0.9999999999999999,-0.6,0,-1,-1,1,1,H
3825604,2015-09-25,Valencia,Granada,0.4,0.4,1.2,0.0,3,0.8,2.2,0.6,-1.4,3,-0.4,-1.8000000000000003,0.6,1.4,0,-1,-1,1,1,H
3825603,2015-09-24,Real Betis,RC Deportivo La Coruña,0.6,1.8,1.0,-1.2,5,1.6,1.4,1.2,0.2,4,-1.0,0.40000000000000013,-0.19999999999999996,-1.4,1,-1,-1,1,-1,A
3825602,2015-09-23,Athletic Club,Real Madrid,1.2,2.4,0.6,-1.2,3,2.6,0.4,2.0,2.2,4,-1.4000000000000001,2.0,-1.4,-3.4000000000000004,-1,-1,-1,1,-1,A
3825600,2015-09-23,Málaga,Villarreal,0.2,0.4,1.0,-0.2,5,2.4,1.4,2.0,1.0,3,-2.1999999999999997,-0.9999999999999999,-1.0,-1.2,2,-1,-1,1,-1,A
3825599,2015-09-22,Espanyol,Valencia,1.0,2.6,1.2,-1.6,3,0.4,0.6,1.2,-0.2,3,0.6,2.0,0.0,-1.4000000000000001,0,-1,-1,1,1,H
3825597,2015-09-20,Las Palmas,Rayo Vallecano,1.0,1.3333333333333333,0.6666666666666666,-0.3333333333333333,7,0.4,2.8,0.2,-2.4,6,0.6,-1.4666666666666666,0.4666666666666666,2.0666666666666664,1,-1,-1,1,-1,A
3825596,2015-09-20,RC Deportivo La Coruña,Sporting Gijón,1.2,1.6,1.2,-0.4,6,0.2,0.6,0.6,-0.4,8,1.0,1.0,0.6,0.0,-2,-1,-1,1,-1,A
3825594,2015-09-20,Sevilla,Celta Vigo,0.8,2.2,0.6,-1.4,9,1.8,1.0,2.0,0.8,7,-1.0,1.2000000000000002,-1.4,-2.2,2,-1,-1,1,-1,A
3825593,2015-09-19,Eibar,Atlético Madrid,1.0,1.2,1.4,-0.2,6,1.2,1.2,1.2,0.0,7,-0.19999999999999996,0.0,0.19999999999999996,-0.2,-1,-1,-1,1,-2,A
3825592,2015-09-19,Real Sociedad,Espanyol,0.2,0.6,1.0,-0.4,7,0.6,3.2,0.6,-2.6,7,-0.39999999999999997,-2.6,0.4,2.2,0,-1,-1,1,-1,A
3825591,2015-09-19,Valencia,Real Betis,0.4,0.8,1.0,-0.4,7,0.8,2.6,0.8,-1.8,7,-0.4,-1.8,0.19999999999999996,1.4,0,-1,-1,1,0,D
3825590,2015-09-19,Real Madrid,Granada,3.0,0.6,2.0,2.4,7,1.0,3.2,0.6,-2.2,6,2.0,-2.6,1.4,4.6,1,-1,-1,1,1,H
3825589,2015-09-18,Getafe,Málaga,0.4,2.4,0.2,-2.0,5,0.2,0.2,1.2,0.0,5,0.2,2.1999999999999997,-1.0,-2.0,0,-1,-1,1,1,H
3825588,2015-09-14,Rayo Vallecano,RC Deportivo La Coruña,0.2,3.4,0.2,-3.2,16,0.6,1.8,0.6,-1.2,15,-0.39999999999999997,1.5999999999999999,-0.39999999999999997,-2.0,1,-1,-1,1,-2,A
3825587,2015-09-13,Athletic Club,Getafe,0.6,2.4,0.0,-1.8,14,0.6,2.2,0.4,-1.6,14,0.0,0.19999999999999973,-0.4,-0.19999999999999996,0,-1,-1,1,2,H
3825586,2015-09-13,Málaga,Eibar,0.2,0.8,1.0,-0.6,15,1.25,1.5,1.5,-0.25,14,-1.05,-0.7,-0.5,-0.35,1,-1,-1,1,0,D
3825585,2015-09-13,Celta Vigo,Las Palmas,1.2,1.0,1.8,0.2,15,0.0,0.0,0.0,0.0,14,1.2,1.0,1.8,0.2,1,-1,-1,1,0,D
3825583,2015-09-12,Sporting Gijón,Valencia,0.2,0.6,0.6,-0.4,14,0.8,1.2,1.0,-0.4,13,-0.6000000000000001,-0.6,-0.4,0.0,1,-1,-1,1,-1,A
3825582,2015-09-12,Real Betis,Real Sociedad,1.0,3.4,0.2,-2.4,14,0.8,0.6,1.6,0.2,14,0.19999999999999996,2.8,-1.4000000000000001,-2.6,0,-1,-1,1,1,H
3825581,2015-09-12,Espanyol,Real Madrid,0.6,2.2,0.6,-1.6,15,2.4,1.4,1.4,1.0,14,-1.7999999999999998,0.8000000000000003,-0.7999999999999999,-2.6,1,-1,-1,1,-5,A
3825580,2015-09-11,Levante UD,Sevilla,0.4,2.6,0.4,-2.2,12,0.8,2.8,0.4,-2.0,12,-0.4,-0.19999999999999973,0.0,-0.20000000000000018,0,-1,-1,1,0,D
3825578,2015-08-30,Eibar,Athletic Club,1.0,2.0,1.0,-1.0,6,1.0,2.4,0.2,-1.4,7,0.0,-0.3999999999999999,0.8,0.3999999999999999,-1,-1,-1,1,2,H
3825577,2015-08-30,Getafe,Granada,0.6,3.0,0.4,-2.4,8,0.8,2.8,0.6,-2.0,6,-0.20000000000000007,0.20000000000000018,-0.19999999999999996,-0.3999999999999999,2,-1,-1,1,-1,A
3825576,2015-08-30,Valencia,RC Deportivo La Coruña,1.0,1.6,0.8,-0.6,8,1.2,2.6,0.4,-1.4,8,-0.19999999999999996,-1.0,0.4,0.7999999999999999,0,-1,-1,1,0,D
3825575,2015-08-30,Las Palmas,Levante UD,0.0,0.0,0.0,0.0,8,0.4,4.0,0.2,-3.6,7,-0.4,-4.0,-0.2,3.6,1,-1,-1,1,0,D
3825574,2015-08-29,Celta Vigo,Rayo Vallecano,0.6,1.6,1.2,-1.0,6,0.2,3.6,0.2,-3.4,7,0.39999999999999997,-2.0,1.0,2.4,-1,-1,-1,1,3,H
3825573,2015-08-29,Real Sociedad,Sporting Gijón,1.0,1.4,1.4,-0.4,7,0.4,1.2,0.4,-0.8,6,0.6,0.19999999999999996,0.9999999999999999,0.4,1,-1,-1,1,0,D
3825571,2015-08-28,Villarreal,Espanyol,1.0,1.6,0.4,-0.6,5,0.4,1.8,0.6,-1.4,6,0.6,-0.19999999999999996,-0.19999999999999996,0.7999999999999999,-1,-1,-1,1,2,H
3825569,2015-08-23,Levante UD,Celta Vigo,0.2,4.4,0.2,-4.2,189,0.6,1.8,0.8,-1.2,140,-0.39999999999999997,2.6000000000000005,-0.6000000000000001,-3.0,49,-1,-1,1,-1,A
3825568,2015-08-23,Real Betis,Villarreal,1.4,3.0,0.2,-1.6,505,0.8,2.4,0.2,-1.6,203,0.5999999999999999,0.6000000000000001,0.0,0.0,302,-1,-1,1,0,D
3825567,2015-08-23,Sporting Gijón,Real Madrid,0.6,2.4,0.2,-1.8,1421,2.0,2.0,1.2,0.0,154,-1.4,0.3999999999999999,-1.0,-1.8,1267,-1,-1,1,0,D
3825566,2015-08-22,Rayo Vallecano,Valencia,0.4,4.2,0.0,-3.8,167,1.2,1.8,0.8,-0.6,126,-0.7999999999999999,2.4000000000000004,-0.8,-3.1999999999999997,41,-1,-1,1,0,D
3825565,2015-08-22,Espanyol,Getafe,0.2,2.6,0.0,-2.4,119,0.8,3.6,0.4,-2.8,116,-0.6000000000000001,-1.0,-0.4,0.3999999999999999,3,-1,-1,1,1,H
3825564,2015-08-22,RC Deportivo La Coruña,Real Sociedad,1.2,3.4,0.2,-2.2,91,1.6,1.8,1.8,-0.2,105,-0.40000000000000013,1.5999999999999999,-1.6,-2.0,-14,-1,-1,1,0,D
3825563,2015-08-22,Atlético Madrid,Las Palmas,0.6,1.4,0.4,-0.8,97,0.0,0.0,0.0,0.0,7,0.6,1.4,0.4,-0.8,90,-1,-1,1,1,H
267576,2016-01-30,Barcelona,Atlético Madrid,3.2,0.2,2.6,3.0,7,1.6,0.0,2.6,1.6,6,1.6,0.2,0.0,1.4,1,-1,-1,1,1,H
265894,2016-01-23,Málaga,Barcelona,1.2,0.6,2.0,0.6,7,3.2,0.4,2.2,2.8,6,-2.0,0.19999999999999996,-0.20000000000000018,-2.1999999999999997,1,-1,-1,1,-1,A
267611,2015-09-26,Barcelona,Las Palmas,1.8,1.2,2.4,0.6,3,1.0,1.0,1.0,0.0,3,0.8,0.19999999999999996,1.4,0.6,0,-1,-1,1,1,H
267422,2015-08-29,Barcelona,Málaga,2.8,0.4,2.6,2.4,6,0.4,1.2,1.0,-0.8,8,2.4,-0.7999999999999999,1.6,3.2,-2,-1,-1,1,1,H
266236,2015-08-23,Athletic Club,Barcelona,1.2,3.2,0.2,-2.0,196,3.8,0.4,2.6,3.4,92,-2.5999999999999996,2.8000000000000003,-2.4,-5.4,104,-1,-1,1,-1,A
267274,2015-12-05,Valencia,Barcelona,2.0,1.0,1.4,1.0,6,3.2,0.2,3.0,3.0,7,-1.2000000000000002,0.8,-1.6,-2.0,-1,-1,-1,1,0,D
266961,2015-12-12,Barcelona,RC Deportivo La Coruña,2.8,0.2,2.6,2.6,7,1.4,0.6,1.8,0.8,7,1.4,-0.39999999999999997,0.8,1.8,0,-1,-1,1,0,D
266885,2015-11-28,Barcelona,Real Sociedad,3.4,0.6,3.0,2.8,7,1.6,1.4,1.2,0.2,7,1.7999999999999998,-0.7999999999999999,1.8,2.5999999999999996,0,-1,-1,1,4,H
266815,2016-02-17,Sporting Gijón,Barcelona,2.0,1.8,1.6,0.2,5,3.6,0.6,3.0,3.0,3,-1.6,1.2000000000000002,-1.4,-2.8,2,-1,-1,1,-2,A
266670,2016-01-02,Espanyol,Barcelona,0.4,1.0,0.8,-0.6,3,3.0,0.6,2.2,2.4,3,-2.6,0.4,-1.4000000000000001,-3.0,0,-1,-1,1,0,D
266149,2016-01-17,Barcelona,Athletic Club,2.2,0.6,1.8,1.6,8,1.2,1.2,1.4,0.0,8,1.0000000000000002,-0.6,0.40000000000000013,1.6,0,-1,-1,1,5,H
266620,2016-01-09,Barcelona,Granada,2.2,0.6,1.8,1.6,7,1.0,2.0,1.2,-1.0,6,1.2000000000000002,-1.4,0.6000000000000001,2.6,1,-1,-1,1,4,H
267327,2015-12-30,Barcelona,Real Betis,2.8,0.6,2.2,2.2,18,0.4,0.6,1.0,-0.2,11,2.4,0.0,1.2000000000000002,2.4000000000000004,7,-1,-1,1,4,H
266166,2015-09-12,Atlético Madrid,Barcelona,1.2,1.0,1.4,0.2,13,1.4,0.4,2.6,1.0,14,-0.19999999999999996,0.6,-1.2000000000000002,-0.8,-1,-1,-1,1,-1,A
266160,2016-02-07,Levante UD,Barcelona,1.8,2.2,1.2,-0.4,7,2.8,0.4,2.6,2.4,8,-0.9999999999999998,1.8000000000000003,-1.4000000000000001,-2.8,-1,-1,-1,1,-2,A
265839,2016-02-28,Barcelona,Sevilla,3.0,0.8,3.0,2.2,8,1.6,0.8,1.8,0.8,7,1.4,0.0,1.2,1.4000000000000001,1,-1,-1,1,1,H
266424,2015-11-21,Real Madrid,Barcelona,2.4,1.2,2.0,1.2,13,2.8,1.0,2.4,1.8,13,-0.3999999999999999,0.19999999999999996,-0.3999999999999999,-0.6000000000000001,0,-1,-1,1,-4,A
266467,2015-09-23,Celta Vigo,Barcelona,2.0,1.2,2.0,0.8,3,2.0,0.8,2.6,1.2,3,0.0,0.3999999999999999,-0.6000000000000001,-0.3999999999999999,0,-1,-1,1,3,H
267273,2016-02-20,Las Palmas,Barcelona,0.8,2.2,0.6,-1.4,6,3.0,0.8,3.0,2.2,3,-2.2,1.4000000000000001,-2.4,-3.6,3,-1,-1,1,-1,A
266490,2015-09-20,Barcelona,Levante UD,1.4,0.6,2.6,0.8,8,0.4,2.6,0.4,-2.2,9,0.9999999999999999,-2.0,2.2,3.0,-1,-1,-1,1,3,H
266254,2016-02-14,Barcelona,Celta Vigo,3.2,0.4,3.0,2.8,7,1.2,2.2,0.8,-1.0,7,2.0,-1.8000000000000003,2.2,3.8,0,-1,-1,1,5,H
3888713,1974-02-17,Real Madrid,Barcelona,0.0,0.0,0.0,0.0,7,0.0,0.0,0.0,0.0,7,0.0,0.0,0.0,0.0,0,-1,-1,1,-5,A
68314,2004-12-04,Barcelona,Málaga,3.0,0.0,3.0,3.0,41,0.0,0.0,0.0,0.0,7,3.0,0.0,3.0,3.0,34,-1,-1,1,4,H
68353,2004-10-16,Espanyol,Barcelona,0.0,0.0,0.0,0.0,7,0.0,0.0,0.0,0.0,11199,0.0,0.0,0.0,0.0,-11192,-1,-1,1,-1,A
68316,2005-05-01,Barcelona,Albacete,2.6,0.4,3.0,2.2,14,0.0,0.0,0.0,0.0,141,2.6,0.4,3.0,2.2,-127,-1,-1,1,2,H
68313,2004-10-24,Barcelona,Osasuna,0.0,0.0,0.0,0.0,8,0.0,0.0,0.0,0.0,7,0.0,0.0,0.0,0.0,1,-1,-1,1,3,H
68315,2004-12-21,Barcelona,Levante UD,3.0,0.2,3.0,2.8,10,0.0,0.0,0.0,0.0,7,3.0,0.2,3.0,2.8,3,-1,-1,1,1,H
69153,2004-12-11,Albacete,Barcelona,0.0,0.0,0.0,0.0,7,3.25,0.0,3.0,3.25,7,-3.25,0.0,-3.0,-3.25,0,-1,-1,1,-1,A
68352,2005-04-17,Barcelona,Getafe,2.4,0.4,3.0,2.0,117,0.0,0.0,0.0,0.0,7,2.4,0.4,3.0,2.0,110,-1,-1,1,2,H
68323,2005-12-20,Barcelona,Celta Vigo,2.8,0.6,3.0,2.2,3,0.0,0.0,0.0,0.0,7,2.8,0.6,3.0,2.2,-4,-1,-1,1,2,H
68318,2005-10-22,Barcelona,Osasuna,2.0,0.8,2.6,1.2,21,0.0,0.0,0.0,0.0,363,2.0,0.8,2.6,1.2,-342,-1,-1,1,3,H
69172,2006-02-18,Barcelona,Real Betis,2.0,1.0,2.4,1.0,13,0.0,0.0,0.0,0.0,7,2.0,1.0,2.4,1.0,6,-1,-1,1,4,H
68322,2005-12-17,Cádiz,Barcelona,0.0,0.0,0.0,0.0,7,2.8,0.6,3.0,2.2,6,-2.8,-0.6,-3.0,-2.2,1,-1,-1,1,-2,A
69164,2005-10-26,Barcelona,Málaga,2.2,0.6,2.6,1.6,4,0.0,0.0,0.0,0.0,326,2.2,0.6,2.6,1.6,-322,-1,-1,1,2,H
68324,2006-01-22,Barcelona,Deportivo Alavés,2.2,0.8,3.0,1.4,7,0.0,0.0,0.0,0.0,7,2.2,0.8,3.0,1.4,0,-1,-1,1,2,H
68320,2005-12-04,Villarreal,Barcelona,0.0,0.0,0.0,0.0,7,3.0,0.4,3.0,2.6,7,-3.0,-0.4,-3.0,-2.6,0,-1,-1,1,-2,A
68339,2005-11-06,Getafe,Barcelona,0.0,0.0,0.0,0.0,203,2.2,0.4,2.6,1.8,11,-2.2,-0.4,-2.6,-1.8,192,-1,-1,1,-2,A
68348,2006-01-07,Espanyol,Barcelona,0.0,0.0,0.0,0.0,448,2.6,0.6,3.0,2.0,18,-2.6,-0.6,-3.0,-2.0,430,-1,-1,1,-1,A
68354,2005-11-27,Barcelona,Racing Santander,2.6,0.6,2.6,2.0,8,0.0,0.0,0.0,0.0,7,2.6,0.6,2.6,2.0,1,-1,-1,1,3,H
68351,2006-02-25,Real Zaragoza,Barcelona,0.0,0.0,0.0,0.0,147,2.6,1.0,2.4,1.6,7,-2.6,-1.0,-2.4,-1.6,140,-1,-1,1,-2,A
68317,2005-10-01,Barcelona,Real Zaragoza,2.4,0.4,3.0,2.0,153,0.0,0.0,0.0,0.0,7,2.4,0.4,3.0,2.0,146,-1,-1,1,0,D
68350,2006-02-05,Barcelona,Atlético Madrid,2.2,0.4,3.0,1.8,7,0.0,0.0,0.0,0.0,7,2.2,0.4,3.0,1.8,0,-1,-1,1,-2,A
68325,2006-01-29,Mallorca,Barcelona,0.0,0.0,0.0,0.0,7,2.2,0.6,3.0,1.6,7,-2.2,-0.6,-3.0,-1.6,0,-1,-1,1,-3,A
68321,2005-12-11,Barcelona,Sevilla,2.8,0.4,3.0,2.4,7,0.0,0.0,0.0,0.0,7,2.8,0.4,3.0,2.4,0,-1,-1,1,1,H
68319,2005-11-19,Real Madrid,Barcelona,0.0,0.0,0.0,0.0,11598,2.4,0.6,2.6,1.8,13,-2.4,-0.6,-2.6,-1.8,11585,-1,-1,1,-3,A
68342,2006-01-15,Barcelona,Athletic Club,2.2,0.6,3.0,1.6,8,0.0,0.0,0.0,0.0,7,2.2,0.6,3.0,1.6,1,-1,-1,1,1,H
68336,2007-06-17,Gimnàstic Tarragona,Barcelona,0.0,0.0,0.0,0.0,7,2.4,0.6,2.2,1.8,8,-2.4,-0.6,-2.2,-1.8,-1,-1,-1,1,-4,A
69176,2007-05-20,Atlético Madrid,Barcelona,0.0,0.0,0.0,0.0,469,1.0,0.6,2.0,0.4,7,-1.0,-0.6,-2.0,-0.4,462,-1,-1,1,-5,A
69179,2007-04-07,Real Zaragoza,Barcelona,1.0,2.3333333333333335,0.3333333333333333,-1.3333333333333333,146,2.6,1.2,2.0,1.4,7,-1.6,1.1333333333333335,-1.6666666666666667,-2.7333333333333334,139,-1,-1,1,1,H
68334,2007-03-03,Sevilla,Barcelona,0.0,0.0,0.0,0.0,139,2.0,0.8,2.0,1.2,6,-2.0,-0.8,-2.0,-1.2,133,-1,-1,1,1,H
68333,2007-02-25,Barcelona,Athletic Club,1.4,1.2,1.4,0.2,7,0.0,0.0,0.0,0.0,148,1.4,1.2,1.4,0.2,-141,-1,-1,1,3,H
68326,2006-08-28,Celta Vigo,Barcelona,0.0,0.0,0.0,0.0,251,2.6,0.8,2.4,1.8,184,-2.6,-0.8,-2.4,-1.8,67,-1,-1,1,-1,A
69162,2007-05-13,Barcelona,Real Betis,0.8,0.6,1.8,0.2,8,0.0,0.0,0.0,0.0,449,0.8,0.6,1.8,0.2,-441,-1,-1,1,0,D
68335,2007-03-10,Barcelona,Real Madrid,2.0,1.0,1.8,1.0,7,0.6666666666666666,2.6666666666666665,1.0,-2.0,139,1.3333333333333335,-1.6666666666666665,0.8,3.0,-132,-1,-1,1,0,D
68332,2007-02-18,Valencia,Barcelona,0.0,0.0,0.0,0.0,147,1.8,1.0,2.0,0.8,7,-1.8,-1.0,-2.0,-0.8,140,-1,-1,1,1,H
68330,2006-10-22,Real Madrid,Barcelona,0.0,0.0,0.0,0.0,337,2.6,0.6,2.6,2.0,7,-2.6,-0.6,-2.6,-2.0,330,-1,-1,1,2,H
68329,2006-10-15,Barcelona,Sevilla,2.6,0.8,2.6,1.8,15,0.0,0.0,0.0,0.0,308,2.6,0.8,2.6,1.8,-293,-1,-1,1,2,H
68341,2007-03-17,Recreativo Huelva,Barcelona,0.0,0.0,0.0,0.0,7,2.0,1.4,1.4,0.6,7,-2.0,-1.4,-1.4,-0.6,0,-1,-1,1,-4,A
69165,2007-06-09,Barcelona,Espanyol,2.2,0.2,2.6,2.0,14,0.0,0.0,0.0,0.0,518,2.2,0.2,2.6,2.0,-504,-1,-1,1,0,D
69155,2007-04-22,Villarreal,Barcelona,0.0,0.0,0.0,0.0,504,2.0,1.0,2.0,1.0,7,-2.0,-1.0,-2.0,-1.0,497,-1,-1,1,2,H
69154,2007-02-11,Barcelona,Racing Santander,2.0,1.2,2.0,0.8,91,0.0,0.0,0.0,0.0,147,2.0,1.2,2.0,0.8,-56,-1,-1,1,2,H
69156,2007-04-29,Barcelona,Levante UD,1.4,0.8,1.8,0.6,7,0.0,0.0,0.0,0.0,859,1.4,0.8,1.8,0.6,-852,-1,-1,1,1,H
69159,2007-04-15,Barcelona,Mallorca,2.0,1.4,1.4,0.6,8,0.0,0.0,0.0,0.0,441,2.0,1.4,1.4,0.6,-433,-1,-1,1,1,H
69175,2007-03-31,Barcelona,RC Deportivo La Coruña,2.4,1.4,1.4,1.0,14,0.0,0.0,0.0,0.0,147,2.4,1.4,1.4,1.0,-133,-1,-1,1,1,H
69160,2007-05-05,Real Sociedad,Barcelona,0.0,0.0,0.0,0.0,7,0.8,0.8,1.8,0.0,6,-0.8,-0.8,-1.8,0.0,1,-1,-1,1,-2,A
68331,2006-11-12,Barcelona,Real Zaragoza,1.6,1.2,1.6,0.4,8,0.0,0.0,0.0,0.0,260,1.6,1.2,1.6,0.4,-252,-1,-1,1,2,H
68328,2006-09-24,Barcelona,Valencia,3.2,0.6,3.0,2.6,7,0.0,0.0,0.0,0.0,7,3.2,0.6,3.0,2.6,0,-1,-1,1,0,D
68340,2006-09-17,Racing Santander,Barcelona,0.0,0.0,0.0,0.0,294,2.8,1.2,2.4,1.6,8,-2.8,-1.2,-2.4,-1.6,286,-1,-1,1,-3,A
69174,2006-11-04,RC Deportivo La Coruña,Barcelona,0.0,0.0,0.0,0.0,7,2.0,1.0,2.0,1.0,13,-2.0,-1.0,-2.0,-1.0,-6,-1,-1,1,0,D
68347,2006-09-30,Athletic Club,Barcelona,0.0,0.0,0.0,0.0,258,2.4,0.6,2.6,1.8,6,-2.4,-0.6,-2.6,-1.8,252,-1,-1,1,-2,A
68327,2006-09-09,Barcelona,Osasuna,2.8,1.2,2.4,1.6,12,0.0,0.0,0.0,0.0,322,2.8,1.2,2.4,1.6,-310,-1,-1,1,3,H
69157,2007-05-26,Barcelona,Getafe,2.0,0.6,2.0,1.4,6,0.0,0.0,0.0,0.0,566,2.0,0.6,2.0,1.4,-560,-1,-1,1,1,H
69146,2008-02-09,Sevilla,Barcelona,1.25,2.0,0.75,-0.75,140,1.6,0.4,2.6,1.2,6,-0.3500000000000001,1.6,-1.85,-1.95,134,-1,-1,1,0,D
69151,2007-09-29,Levante UD,Barcelona,0.0,0.0,0.0,0.0,153,2.4,1.0,2.2,1.4,7,-2.4,-1.0,-2.2,-1.4,146,-1,-1,1,-3,A
69144,2007-10-07,Barcelona,Atlético Madrid,2.8,0.8,2.6,2.0,8,0.0,0.0,0.0,0.0,140,2.8,0.8,2.6,2.0,-132,-1,-1,1,3,H
69169,2007-09-02,Barcelona,Athletic Club,2.8,0.6,2.2,2.2,7,0.6666666666666666,2.6666666666666665,0.0,-2.0,189,2.1333333333333333,-2.0666666666666664,2.2,4.2,-182,-1,-1,1,2,H
68360,2008-02-24,Barcelona,Levante UD,1.2,0.6,2.2,0.6,8,0.6666666666666666,2.3333333333333335,0.0,-1.6666666666666667,148,0.5333333333333333,-1.7333333333333334,2.2,2.2666666666666666,-140,-1,-1,1,4,H
69186,2008-05-17,Real Murcia CF,Barcelona,0.0,0.0,0.0,0.0,7,2.2,1.8,1.0,0.4,6,-2.2,-1.8,-1.0,-0.4,1,-1,-1,1,-2,A
69180,2007-08-26,Racing Santander,Barcelona,0.3333333333333333,3.0,0.0,-2.6666666666666665,196,3.0,0.8,2.2,2.2,70,-2.6666666666666665,2.2,-2.2,-4.866666666666667,126,-1,-1,1,0,D
69181,2008-01-27,Athletic Club,Barcelona,0.75,2.75,0.0,-2.0,147,2.0,0.4,2.6,1.6,7,-1.25,2.35,-2.6,-3.6,140,-1,-1,1,0,D
68365,2008-03-01,Atlético Madrid,Barcelona,1.0,3.3333333333333335,1.0,-2.3333333333333335,146,2.0,0.8,2.2,1.2,6,-1.0,2.533333333333333,-1.2000000000000002,-3.533333333333333,140,-1,-1,1,2,H
69178,2007-11-10,Getafe,Barcelona,0.3333333333333333,2.0,0.0,-1.6666666666666667,168,2.0,0.8,2.0,1.2,6,-1.6666666666666667,1.2,-2.0,-2.8666666666666667,162,-1,-1,1,2,H
68364,2007-10-20,Villarreal,Barcelona,0.0,0.0,0.0,0.0,181,2.4,0.6,2.6,1.8,13,-2.4,-0.6,-2.6,-1.8,168,-1,-1,1,2,H
69170,2007-12-09,Barcelona,RC Deportivo La Coruña,1.6,0.8,1.6,0.8,8,0.0,0.0,0.0,0.0,253,1.6,0.8,1.6,0.8,-245,-1,-1,1,1,H
68359,2008-04-19,Barcelona,Espanyol,2.4,1.8,1.6,0.6,7,1.0,1.5,0.5,-0.5,140,1.4,0.30000000000000004,1.1,1.1,-133,-1,-1,1,0,D
68356,2007-12-01,Espanyol,Barcelona,1.0,1.6666666666666667,0.3333333333333333,-0.6666666666666666,175,1.8,0.6,2.0,1.2,7,-0.8,1.0666666666666669,-1.6666666666666667,-1.8666666666666667,168,-1,-1,1,0,D
69158,2007-10-28,Barcelona,Almería,2.6,1.2,2.4,1.4,8,0.0,0.0,0.0,0.0,7,2.6,1.2,2.4,1.4,1,-1,-1,1,2,H
69187,2008-02-03,Barcelona,Osasuna,1.6,0.6,2.2,1.0,7,0.0,3.0,0.0,-3.0,512,1.6,-2.4,2.2,4.0,-505,-1,-1,1,1,H
68363,2007-11-01,Real Valladolid,Barcelona,0.0,0.0,0.0,0.0,7,2.4,1.0,2.4,1.4,4,-2.4,-1.0,-2.4,-1.4,3,-1,-1,1,0,D
69166,2007-11-04,Barcelona,Real Betis,2.2,1.0,2.0,1.2,3,0.0,0.0,0.0,0.0,175,2.2,1.0,2.0,1.2,-172,-1,-1,1,3,H
68366,2008-05-11,Barcelona,Mallorca,2.2,2.0,1.0,0.2,4,0.0,0.0,0.0,0.0,392,2.2,2.0,1.0,0.2,-388,-1,-1,1,-1,A
69148,2007-09-22,Barcelona,Sevilla,2.2,0.8,2.2,1.4,20,1.3333333333333333,2.0,1.0,-0.6666666666666666,203,0.8666666666666669,-1.2,1.2000000000000002,2.0666666666666664,-183,-1,-1,1,1,H
69184,2007-11-24,Barcelona,Recreativo Huelva,1.4,1.2,1.4,0.2,14,0.0,0.0,0.0,0.0,252,1.4,1.2,1.4,0.2,-238,-1,-1,1,3,H
69173,2008-01-20,Barcelona,Racing Santander,1.8,0.8,2.0,1.0,36,0.25,2.25,0.25,-2.0,147,1.55,-1.45,1.75,3.0,-111,-1,-1,1,1,H
69182,2008-02-16,Real Zaragoza,Barcelona,1.0,1.75,1.0,-0.75,315,1.4,0.4,2.2,1.0,7,-0.3999999999999999,1.35,-1.2000000000000002,-1.75,308,-1,-1,1,-1,A
68358,2008-04-12,Recreativo Huelva,Barcelona,0.0,0.0,0.0,0.0,140,2.2,1.4,2.0,0.8,42,-2.2,-1.4,-2.0,-0.8,98,-1,-1,1,0,D
68361,2008-05-07,Real Madrid,Barcelona,1.25,2.75,1.0,-1.5,424,3.0,1.4,1.6,1.6,3,-1.75,1.35,-0.6000000000000001,-3.1,421,-1,-1,1,3,H
69141,2008-05-04,Barcelona,Valencia,2.2,1.6,1.6,0.6,15,1.0,1.6666666666666667,1.3333333333333333,-0.6666666666666666,141,1.2000000000000002,-0.06666666666666665,0.26666666666666683,1.2666666666666666,-126,-1,-1,1,5,H
69145,2007-12-15,Valencia,Barcelona,0.0,0.0,0.0,0.0,300,1.8,0.8,2.0,1.0,6,-1.8,-0.8,-2.0,-1.0,294,-1,-1,1,-3,A
69222,2009-04-11,Barcelona,Recreativo Huelva,2.8,0.8,2.4,2.0,7,0.5,2.75,0.25,-2.25,146,2.3,-1.95,2.15,4.25,-139,-1,-1,1,2,H
69225,2008-12-13,Barcelona,Real Madrid,3.8,0.2,3.0,3.6,7,1.8,2.4,1.4,-0.6,220,1.9999999999999998,-2.1999999999999997,1.6,4.2,-213,-1,-1,1,2,H
69189,2009-01-24,Barcelona,CD Numancia de Soria,3.2,0.6,3.0,2.6,7,0.0,0.0,0.0,0.0,146,3.2,0.6,3.0,2.6,-139,-1,-1,1,3,H
69211,2008-09-27,Espanyol,Barcelona,0.8,1.2,0.6,-0.4,161,3.0,1.6,2.0,1.4,3,-2.2,-0.40000000000000013,-1.4,-1.7999999999999998,158,-1,-1,1,-1,A
69138,2008-09-21,Sporting Gijón,Barcelona,0.0,0.0,0.0,0.0,7,1.8,2.4,0.8,-0.6,8,-1.8,-2.4,-0.8,0.6,-1,-1,-1,1,-5,A
69212,2008-10-04,Barcelona,Atlético Madrid,2.4,1.2,2.0,1.2,7,1.75,3.0,1.5,-1.25,217,0.6499999999999999,-1.8,0.5,2.45,-210,-1,-1,1,5,H
69235,2008-11-01,Málaga,Barcelona,0.0,0.0,0.0,0.0,1102,4.4,1.0,3.0,3.4,7,-4.4,-1.0,-3.0,-3.4,1095,-1,-1,1,-3,A
69232,2008-10-25,Barcelona,Almería,3.6,1.2,2.6,2.4,21,0.0,0.0,0.0,0.0,363,3.6,1.2,2.6,2.4,-342,-1,-1,1,5,H
69216,2009-03-07,Barcelona,Athletic Club,2.2,2.0,1.4,0.2,6,0.8,2.4,0.2,-1.6,405,1.4000000000000001,-0.3999999999999999,1.2,1.8,-399,-1,-1,1,2,H
69209,2009-02-01,Racing Santander,Barcelona,0.2,1.4,0.4,-1.2,141,3.2,0.8,3.0,2.4,8,-3.0,0.5999999999999999,-2.6,-3.5999999999999996,133,-1,-1,1,-1,A
69231,2009-02-08,Barcelona,Sporting Gijón,3.2,1.0,3.0,2.2,7,0.0,0.0,0.0,0.0,140,3.2,1.0,3.0,2.2,-133,-1,-1,1,2,H
69217,2009-05-10,Barcelona,Villarreal,2.4,0.8,2.6,1.6,8,1.5,1.25,1.5,0.25,140,0.8999999999999999,-0.44999999999999996,1.1,1.35,-132,-1,-1,1,0,D
69273,2009-04-04,Real Valladolid,Barcelona,0.0,0.0,0.0,0.0,147,2.8,1.2,1.8,1.6,13,-2.8,-1.2,-1.8,-1.6,134,-1,-1,1,-1,A
69223,2009-04-18,Getafe,Barcelona,0.75,1.5,0.75,-0.75,525,2.6,0.0,3.0,2.6,7,-1.85,1.5,-2.25,-3.35,518,-1,-1,1,-1,A
69195,2009-02-14,Real Betis,Barcelona,1.0,3.0,0.25,-2.0,143,3.4,1.0,3.0,2.4,6,-2.4,2.0,-2.75,-4.4,137,-1,-1,1,0,D
69251,2009-04-25,Valencia,Barcelona,0.6,3.0,0.8,-2.4,140,2.4,0.0,3.0,2.4,7,-1.7999999999999998,3.0,-2.2,-4.8,133,-1,-1,1,0,D
69185,2009-03-01,Atlético Madrid,Barcelona,1.6,3.6,1.2,-2.0,148,2.4,1.4,2.0,1.0,8,-0.7999999999999998,2.2,-0.8,-3.0,140,-1,-1,1,1,H
69142,2009-03-22,Barcelona,Málaga,2.0,1.6,1.4,0.4,7,0.3333333333333333,3.3333333333333335,0.0,-3.0,141,1.6666666666666667,-1.7333333333333334,1.4,3.4,-134,-1,-1,1,5,H
69139,2009-02-21,Barcelona,Espanyol,3.2,1.0,2.6,2.2,7,1.0,1.4,0.6,-0.4,147,2.2,-0.3999999999999999,2.0,2.6,-140,-1,-1,1,-1,A
69171,2008-11-29,Sevilla,Barcelona,1.2,1.8,0.8,-0.6,294,4.6,0.4,3.0,4.2,13,-3.3999999999999995,1.4,-2.2,-4.8,281,-1,-1,1,-3,A
69249,2009-05-02,Real Madrid,Barcelona,1.8,1.8,1.4,0.0,140,2.4,0.4,2.6,2.0,7,-0.5999999999999999,1.4,-1.2000000000000002,-2.0,133,-1,-1,1,-4,A
69215,2008-09-13,Barcelona,Racing Santander,2.8,2.2,1.2,0.6,13,0.2,2.0,0.2,-1.8,237,2.5999999999999996,0.20000000000000018,1.0,2.4,-224,-1,-1,1,0,D
69147,2008-08-31,CD Numancia de Soria,Barcelona,0.0,0.0,0.0,0.0,7,2.8,2.0,1.4,0.8,106,-2.8,-2.0,-1.4,-0.8,-99,-1,-1,1,1,H
69177,2009-03-15,Almería,Barcelona,0.0,0.0,0.0,0.0,141,2.2,1.8,1.4,0.4,8,-2.2,-1.8,-1.4,-0.4,133,-1,-1,1,-2,A
69207,2008-09-24,Barcelona,Real Betis,2.8,1.8,1.4,1.0,3,0.6666666666666666,3.0,0.3333333333333333,-2.3333333333333335,325,2.1333333333333333,-1.2,1.0666666666666667,3.3333333333333335,-322,-1,-1,1,1,H
69228,2008-12-21,Villarreal,Barcelona,1.6666666666666667,1.0,2.0,0.6666666666666666,428,3.4,0.0,3.0,3.4,8,-1.7333333333333332,1.0,-1.0,-2.7333333333333334,420,-1,-1,1,-1,A
69183,2009-01-17,Barcelona,RC Deportivo La Coruña,2.8,0.6,3.0,2.2,6,1.0,1.6666666666666667,0.3333333333333333,-0.6666666666666666,405,1.7999999999999998,-1.0666666666666669,2.6666666666666665,2.8666666666666667,-399,-1,-1,1,5,H
69279,2008-11-08,Barcelona,Real Valladolid,4.0,1.0,3.0,3.0,7,0.0,0.0,0.0,0.0,373,4.0,1.0,3.0,3.0,-366,-1,-1,1,5,H
69285,2008-11-16,Recreativo Huelva,Barcelona,0.6666666666666666,3.0,0.3333333333333333,-2.3333333333333335,218,4.6,0.6,3.0,4.0,8,-3.933333333333333,2.4,-2.6666666666666665,-6.333333333333334,210,-1,-1,1,-2,A
69230,2009-01-11,Osasuna,Barcelona,0.0,2.5,0.0,-2.5,343,2.6,0.2,3.0,2.4,21,-2.6,2.3,-3.0,-4.9,322,-1,-1,1,-1,A
69149,2008-12-06,Barcelona,Valencia,4.0,0.2,3.0,3.8,7,0.75,2.75,1.0,-2.0,216,3.25,-2.55,2.0,5.8,-209,-1,-1,1,4,H
3754217,2015-09-19,Chelsea,Arsenal,1.4,2.4,0.8,-1.0,7,1.0,0.6,2.0,0.4,7,0.3999999999999999,1.7999999999999998,-1.2,-1.4,0,-1,-1,1,2,H
3754117,2015-12-13,Aston Villa,Arsenal,0.8,2.2,0.4,-1.4,8,1.8,1.0,1.6,0.8,8,-1.0,1.2000000000000002,-1.2000000000000002,-2.2,0,-1,-1,1,-2,A
3754296,2015-12-21,Arsenal,Manchester City,1.6,1.0,1.6,0.6,8,1.2,1.6,1.4,-0.4,9,0.40000000000000013,-0.6000000000000001,0.20000000000000018,1.0,-1,-1,-1,1,1,H
3753983,2015-10-31,Swansea City,Arsenal,1.0,1.4,1.0,-0.4,7,2.6,1.0,2.4,1.6,7,-1.6,0.3999999999999999,-1.4,-2.0,0,-1,-1,1,-3,A
3754160,2015-12-05,Arsenal,Sunderland,1.6,1.0,1.6,0.6,6,1.6,1.4,1.8,0.2,7,0.0,-0.3999999999999999,-0.19999999999999996,0.39999999999999997,-1,-1,-1,1,2,H
3754129,2015-08-24,Arsenal,Liverpool,1.2,1.0,2.0,0.2,8,1.25,1.5,1.5,-0.25,7,-0.050000000000000044,-0.5,0.5,0.45,1,-1,-1,1,0,D
3754309,2015-12-26,Southampton,Arsenal,0.4,1.6,0.2,-1.2,7,1.8,1.0,2.0,0.8,5,-1.4,0.6000000000000001,-1.8,-2.0,2,-1,-1,1,4,H
3754047,2015-11-29,Liverpool,Swansea City,1.8,1.0,1.6,0.8,8,0.8,1.6,0.8,-0.8,8,1.0,-0.6000000000000001,0.8,1.6,0,-1,-1,1,1,H
3754058,2016-01-02,Leicester City,AFC Bournemouth,1.6,0.8,2.0,0.8,4,1.0,0.8,2.0,0.2,5,0.6000000000000001,0.0,0.0,0.6000000000000001,-1,-1,-1,1,0,D
3754245,2015-10-17,West Bromwich Albion,Sunderland,0.8,1.0,1.4,-0.2,14,0.8,2.0,0.4,-1.2,14,0.0,-1.0,0.9999999999999999,1.0,0,-1,-1,1,1,H
3754136,2015-12-19,Newcastle United,Aston Villa,1.2,1.8,1.8,-0.6,6,0.6,2.0,0.4,-1.4,6,0.6,-0.19999999999999996,1.4,0.7999999999999999,0,-1,-1,1,0,D
3754039,2016-02-13,Crystal Palace,Watford,0.6,2.2,0.2,-1.6,7,0.4,1.0,0.8,-0.6,7,0.19999999999999996,1.2000000000000002,-0.6000000000000001,-1.0,0,-1,-1,1,-1,A
3754045,2015-12-29,Leicester City,Manchester City,1.8,1.0,2.0,0.8,3,2.0,1.4,1.8,0.6,3,-0.19999999999999996,-0.3999999999999999,0.19999999999999996,0.20000000000000007,0,-1,-1,1,0,D
3754049,2016-02-27,Leicester City,Norwich City,2.0,0.8,2.0,1.2,13,1.2,3.0,0.2,-1.8,14,0.8,-2.2,1.8,3.0,-1,-1,-1,1,1,H
3754050,2016-03-01,Sunderland,Crystal Palace,1.0,1.2,1.0,-0.2,3,1.2,2.2,0.2,-1.0,3,-0.19999999999999996,-1.0000000000000002,0.8,0.8,0,-1,-1,1,0,D
3754226,2015-12-30,Sunderland,Liverpool,1.0,2.2,0.6,-1.2,4,0.8,1.4,1.4,-0.6,4,0.19999999999999996,0.8000000000000003,-0.7999999999999999,-0.6,0,-1,-1,1,-1,A
3754014,2015-12-26,Stoke City,Manchester United,0.8,0.8,1.4,0.0,7,1.0,1.2,1.0,-0.2,7,-0.19999999999999996,-0.3999999999999999,0.3999999999999999,0.2,0,-1,-1,1,2,H
3754091,2015-10-24,Stoke City,Watford,1.2,1.0,2.0,0.2,5,0.8,1.2,1.4,-0.4,7,0.3999999999999999,-0.19999999999999996,0.6000000000000001,0.6000000000000001,-2,-1,-1,1,-2,A
3754135,2015-12-05,Stoke City,Manchester City,0.4,0.8,1.4,-0.4,7,1.2,1.2,1.6,0.0,7,-0.7999999999999999,-0.3999999999999999,-0.20000000000000018,-0.4,0,-1,-1,1,2,H
3754293,2015-11-07,Stoke City,Chelsea,0.8,0.6,2.0,0.2,7,1.4,2.0,0.8,-0.6,7,-0.5999999999999999,-1.4,1.2,0.8,0,-1,-1,1,1,H
3754339,2015-09-26,Stoke City,AFC Bournemouth,1.0,1.6,0.6,-0.6,7,1.6,1.6,1.4,0.0,7,-0.6000000000000001,0.0,-0.7999999999999999,-0.6,0,-1,-1,1,1,H
3754146,2015-09-19,Stoke City,Leicester City,0.6,1.4,0.4,-0.8,7,2.2,1.4,2.2,0.8,6,-1.6,0.0,-1.8000000000000003,-1.6,1,-1,-1,1,0,D
3754347,2015-12-05,Manchester United,West Ham United,1.0,0.4,1.8,0.6,7,1.0,1.8,1.0,-0.8,6,0.0,-1.4,0.8,1.4,1,-1,-1,1,0,D
3754255,2015-12-13,Liverpool,West Bromwich Albion,1.8,1.2,1.8,0.6,7,1.2,1.6,1.0,-0.4,8,0.6000000000000001,-0.40000000000000013,0.8,1.0,-1,-1,-1,1,0,D
3754278,2015-10-03,AFC Bournemouth,Watford,1.8,1.8,1.4,0.0,7,0.6,0.8,1.4,-0.2,6,1.2000000000000002,1.0,0.0,0.2,1,-1,-1,1,0,D
3753979,2015-11-23,Crystal Palace,Sunderland,1.0,1.0,1.4,0.0,15,1.4,2.0,0.8,-0.6,16,-0.3999999999999999,-1.0,0.5999999999999999,0.6,-1,-1,-1,1,-1,A
3753972,2015-11-21,Swansea City,AFC Bournemouth,0.8,1.6,0.8,-0.8,14,0.6,2.8,0.2,-2.2,14,0.20000000000000007,-1.1999999999999997,0.6000000000000001,1.4000000000000001,0,-1,-1,1,0,D
3753978,2015-09-26,Southampton,Swansea City,1.0,1.2,1.0,-0.2,6,1.0,0.6,1.6,0.4,7,0.0,0.6,-0.6000000000000001,-0.6000000000000001,-1,-1,-1,1,2,H
3753974,2015-12-26,Newcastle United,Everton,1.2,2.0,1.4,-0.8,7,2.2,1.6,1.2,0.6,7,-1.0000000000000002,0.3999999999999999,0.19999999999999996,-1.4,0,-1,-1,1,-1,A
3753993,2015-08-15,Sunderland,Norwich City,0.0,0.0,0.0,0.0,7,0.0,0.0,0.0,0.0,7,0.0,0.0,0.0,0.0,0,-1,-1,1,-2,A
3754015,2015-10-25,Manchester United,Manchester City,2.4,1.2,2.4,1.2,8,2.8,1.6,1.8,1.2,8,-0.3999999999999999,-0.40000000000000013,0.5999999999999999,0.0,0,-1,-1,1,0,D
3754038,2015-11-29,Norwich City,Arsenal,0.8,2.0,0.6,-1.2,8,2.0,0.8,2.0,1.2,8,-1.2,1.2,-1.4,-2.4,0,-1,-1,1,0,D
3754001,2015-09-26,Newcastle United,Chelsea,0.2,1.4,0.2,-1.2,7,1.4,2.0,1.2,-0.6,7,-1.2,-0.6000000000000001,-1.0,-0.6,0,-1,-1,1,0,D
3754007,2015-08-29,Stoke City,West Bromwich Albion,1.0,1.3333333333333333,0.6666666666666666,-0.3333333333333333,7,0.6666666666666666,2.0,0.3333333333333333,-1.3333333333333333,6,0.33333333333333337,-0.6666666666666667,0.3333333333333333,1.0,1,-1,-1,1,-1,A
3754008,2015-09-26,Manchester United,Sunderland,1.6,1.0,2.0,0.6,6,0.8,1.8,0.4,-1.0,7,0.8,-0.8,1.6,1.6,-1,-1,-1,1,3,H
3754029,2015-11-02,Tottenham Hotspur,Aston Villa,2.4,0.8,2.2,1.6,8,0.6,1.8,0.0,-1.2,9,1.7999999999999998,-1.0,2.2,2.8,-1,-1,-1,1,2,H
3753995,2015-10-03,Chelsea,Southampton,1.8,1.8,1.4,0.0,7,1.6,0.8,1.6,0.8,7,0.19999999999999996,1.0,-0.20000000000000018,-0.8,0,-1,-1,1,-2,A
3753999,2015-10-17,Watford,Arsenal,0.8,1.0,1.4,-0.2,14,2.2,0.8,2.4,1.4,13,-1.4000000000000001,0.19999999999999996,-1.0,-1.5999999999999999,1,-1,-1,1,-3,A
3754017,2015-10-24,Aston Villa,Swansea City,0.8,2.0,0.0,-1.2,7,0.6,1.4,0.4,-0.8,5,0.20000000000000007,0.6000000000000001,-0.4,-0.3999999999999999,2,-1,-1,1,-1,A
3754006,2015-10-31,West Bromwich Albion,Leicester City,1.0,1.0,1.8,0.0,7,1.8,2.0,1.6,-0.2,7,-0.8,-1.0,0.19999999999999996,0.2,0,-1,-1,1,-1,A
3754023,2015-08-29,AFC Bournemouth,Leicester City,1.3333333333333333,1.6666666666666667,1.0,-0.3333333333333333,7,1.8,1.4,1.6,0.4,7,-0.4666666666666668,0.26666666666666683,-0.6000000000000001,-0.7333333333333334,0,-1,-1,1,0,D
3753984,2015-08-29,Liverpool,West Ham United,1.0,1.2,1.4,-0.2,5,2.0,2.0,1.0,0.0,7,-1.0,-0.8,0.3999999999999999,-0.2,-2,-1,-1,1,-3,A
3754011,2015-09-20,Southampton,Manchester United,1.0,1.0,1.2,0.0,8,1.2,0.6,2.0,0.6,8,-0.19999999999999996,0.4,-0.8,-0.6,0,-1,-1,1,-1,A
3754010,2015-09-19,Newcastle United,Watford,0.4,1.4,0.4,-1.0,5,0.6,0.8,1.2,-0.2,7,-0.19999999999999996,0.5999999999999999,-0.7999999999999999,-0.8,-2,-1,-1,1,-1,A
3754028,2015-11-28,Manchester City,Southampton,1.6,1.2,1.6,0.4,7,1.2,0.8,1.6,0.4,7,0.40000000000000013,0.3999999999999999,0.0,0.0,0,-1,-1,1,2,H
3753996,2015-11-21,Chelsea,Norwich City,1.0,1.8,0.6,-0.8,14,1.0,2.2,0.6,-1.2,14,0.0,-0.40000000000000013,0.0,0.3999999999999999,0,-1,-1,1,1,H
3754025,2015-12-19,Chelsea,Sunderland,0.4,0.8,0.8,-0.4,5,0.8,1.0,1.2,-0.2,7,-0.4,-0.19999999999999996,-0.3999999999999999,-0.2,-2,-1,-1,1,2,H
3754068,2015-09-19,Aston Villa,West Bromwich Albion,1.2,1.6,0.8,-0.4,6,0.6,1.2,1.0,-0.6,7,0.6,0.40000000000000013,-0.19999999999999996,0.19999999999999996,-1,-1,-1,1,-1,A
3754056,2015-12-28,Everton,Stoke City,1.6,1.6,1.2,0.0,2,1.0,0.8,1.4,0.2,2,0.6000000000000001,0.8,-0.19999999999999996,-0.2,0,-1,-1,1,-1,A
3754040,2015-09-20,Liverpool,Norwich City,0.6,1.2,1.4,-0.6,8,1.6,1.8,1.4,-0.2,8,-1.0,-0.6000000000000001,0.0,-0.39999999999999997,0,-1,-1,1,0,D
3754074,2015-10-04,Swansea City,Tottenham Hotspur,0.8,1.2,1.0,-0.4,8,1.4,0.4,2.2,1.0,8,-0.5999999999999999,0.7999999999999999,-1.2000000000000002,-1.4,0,-1,-1,1,0,D
3754076,2015-10-03,Sunderland,West Ham United,0.6,1.8,0.4,-1.2,7,2.4,1.4,2.0,1.0,7,-1.7999999999999998,0.40000000000000013,-1.6,-2.2,0,-1,-1,1,0,D
3754067,2015-10-17,Crystal Palace,West Ham United,1.0,0.6,1.8,0.4,14,2.2,1.0,2.2,1.2,14,-1.2000000000000002,-0.4,-0.40000000000000013,-0.7999999999999999,0,-1,-1,1,-2,A
3754079,2015-10-03,Manchester City,Newcastle United,1.4,1.2,1.8,0.2,7,0.6,1.4,0.4,-0.8,7,0.7999999999999999,-0.19999999999999996,1.4,1.0,0,-1,-1,1,5,H
3754090,2015-10-31,Newcastle United,Stoke City,2.0,3.0,0.8,-1.0,6,1.2,1.0,2.0,0.2,7,0.8,2.0,-1.2,-1.2,-1,-1,-1,1,0,D
3754083,2015-08-29,Chelsea,Crystal Palace,1.4,2.2,0.8,-0.8,6,2.0,1.3333333333333333,2.0,0.6666666666666666,7,-0.6000000000000001,0.8666666666666669,-1.2,-1.4666666666666668,-1,-1,-1,1,-1,A
3754077,2015-09-19,Manchester City,West Ham United,2.2,0.0,3.0,2.2,7,2.2,1.2,1.8,1.0,5,0.0,-1.2,1.2,1.2000000000000002,2,-1,-1,1,-1,A
3754060,2015-10-04,Everton,Liverpool,1.2,1.0,1.6,0.2,6,1.0,1.8,1.0,-0.8,8,0.19999999999999996,-0.8,0.6000000000000001,1.0,-2,-1,-1,1,0,D
3754073,2015-12-05,Chelsea,AFC Bournemouth,0.6,1.2,0.8,-0.6,6,1.2,2.6,0.4,-1.4,7,-0.6,-1.4000000000000001,0.4,0.7999999999999999,-1,-1,-1,1,-1,A
3754085,2015-12-05,Swansea City,Leicester City,0.8,1.6,0.8,-0.8,6,2.0,0.8,2.6,1.2,7,-1.2,0.8,-1.8,-2.0,-1,-1,-1,1,-3,A
3754051,2015-12-20,Watford,Liverpool,1.6,1.2,1.8,0.4,8,1.6,1.4,1.4,0.2,7,0.0,-0.19999999999999996,0.40000000000000013,0.2,1,-1,-1,1,3,H
3754093,2015-11-29,Tottenham Hotspur,Chelsea,2.6,0.8,2.2,1.8,7,1.0,1.2,1.2,-0.2,8,1.6,-0.3999999999999999,1.0000000000000002,2.0,-1,-1,-1,1,0,D
3754046,2015-12-07,Everton,Crystal Palace,3.0,1.6,1.6,1.4,9,1.4,0.8,1.4,0.6,9,1.6,0.8,0.20000000000000018,0.7999999999999999,0,-1,-1,1,0,D
3754072,2015-12-12,Sunderland,Watford,1.2,2.0,1.2,-0.8,7,1.8,1.2,1.8,0.6,7,-0.6000000000000001,0.8,-0.6000000000000001,-1.4,0,-1,-1,1,-1,A
3754082,2015-11-01,Everton,Sunderland,1.0,1.6,1.0,-0.6,8,1.0,1.6,0.8,-0.6,7,0.0,0.0,0.19999999999999996,0.0,1,-1,-1,1,4,H
3754106,2015-09-13,Leicester City,Aston Villa,1.8,1.4,1.6,0.4,15,0.8,1.4,0.8,-0.6,15,1.0,0.0,0.8,1.0,0,-1,-1,1,1,H
3754099,2015-10-03,Crystal Palace,West Bromwich Albion,1.0,0.8,1.8,0.2,6,1.2,1.2,1.4,0.0,5,-0.19999999999999996,-0.3999999999999999,0.40000000000000013,0.2,1,-1,-1,1,2,H
3754098,2015-10-31,Chelsea,Liverpool,1.6,1.4,1.4,0.2,7,1.2,1.0,1.4,0.2,6,0.40000000000000013,0.3999999999999999,0.0,0.0,1,-1,-1,1,-2,A
3754057,2015-12-26,Tottenham Hotspur,Norwich City,1.6,0.8,1.6,0.8,7,0.8,1.2,1.0,-0.4,7,0.8,-0.3999999999999999,0.6000000000000001,1.2000000000000002,0,-1,-1,1,3,H
3754112,2015-08-09,Newcastle United,Southampton,0.0,0.0,0.0,0.0,4137,0.0,0.0,0.0,0.0,4198,0.0,0.0,0.0,0.0,-61,-1,-1,1,0,D
3754104,2015-08-22,Norwich City,Stoke City,0.0,0.0,0.0,0.0,7,0.0,0.0,0.0,0.0,7,0.0,0.0,0.0,0.0,0,-1,-1,1,0,D
3754054,2015-12-26,Manchester City,Sunderland,1.4,2.0,1.2,-0.6,5,1.0,1.4,1.2,-0.4,7,0.3999999999999999,0.6000000000000001,0.0,-0.19999999999999996,-2,-1,-1,1,3,H
3754113,2015-12-05,Southampton,Aston Villa,1.0,1.0,1.4,0.0,7,0.8,2.4,0.2,-1.6,7,0.19999999999999996,-1.4,1.2,1.6,0,-1,-1,1,0,D
3754107,2015-08-14,Aston Villa,Manchester United,0.3333333333333333,1.3333333333333333,1.0,-1.0,6,0.6666666666666666,0.3333333333333333,1.6666666666666667,0.3333333333333333,6,-0.3333333333333333,1.0,-0.6666666666666667,-1.3333333333333333,0,-1,-1,1,-1,A
3754105,2015-09-28,West Bromwich Albion,Everton,0.8,0.6,1.6,0.2,9,1.2,0.6,1.6,0.6,9,-0.3999999999999999,0.0,0.0,-0.39999999999999997,0,-1,-1,1,-1,A
3754097,2015-08-08,Manchester United,Tottenham Hotspur,0.0,0.0,0.0,0.0,4150,0.0,0.0,0.0,0.0,4122,0.0,0.0,0.0,0.0,28,-1,-1,1,1,H
3754102,2015-10-18,Newcastle United,Norwich City,0.8,2.6,0.2,-1.8,15,1.4,1.8,1.0,-0.4,15,-0.5999999999999999,0.8,-0.8,-1.4,0,-1,-1,1,4,H
3754115,2015-10-17,Chelsea,Aston Villa,1.4,2.0,0.8,-0.6,14,1.2,2.0,0.2,-0.8,14,0.19999999999999996,0.0,0.6000000000000001,0.20000000000000007,0,-1,-1,1,2,H
3754148,2015-09-13,Sunderland,Tottenham Hotspur,1.5,2.5,0.5,-1.0,15,1.0,1.2,0.8,-0.2,15,0.5,1.3,-0.30000000000000004,-0.8,0,-1,-1,1,-1,A
3754169,2015-09-19,AFC Bournemouth,Sunderland,1.2,1.8,0.8,-0.6,7,1.2,2.2,0.4,-1.0,6,0.0,-0.40000000000000013,0.4,0.4,1,-1,-1,1,2,H
3754174,2015-09-26,Leicester City,Arsenal,1.8,1.4,1.8,0.4,7,1.0,0.6,2.0,0.4,7,0.8,0.7999999999999999,-0.19999999999999996,0.0,0,-1,-1,1,-3,A
3754185,2015-11-21,Watford,Manchester United,1.2,1.2,1.4,0.0,14,1.0,0.6,1.6,0.4,14,0.19999999999999996,0.6,-0.20000000000000018,-0.4,0,-1,-1,1,-1,A
3754162,2015-12-12,AFC Bournemouth,Manchester United,1.2,1.6,1.0,-0.4,7,1.0,0.4,1.8,0.6,7,0.19999999999999996,1.2000000000000002,-0.8,-1.0,0,-1,-1,1,1,H
3754096,2015-12-12,West Ham United,Stoke City,0.6,1.6,0.6,-1.0,7,0.8,0.4,2.0,0.4,7,-0.20000000000000007,1.2000000000000002,-1.4,-1.4,0,-1,-1,1,0,D
3754171,2015-10-04,Arsenal,Manchester United,1.6,0.8,2.0,0.8,8,2.0,1.0,2.0,1.0,8,-0.3999999999999999,-0.19999999999999996,0.0,-0.19999999999999996,0,-1,-1,1,3,H
3754119,2015-10-25,Sunderland,Newcastle United,0.4,1.8,0.2,-1.4,8,2.0,2.8,0.8,-0.8,7,-1.6,-0.9999999999999998,-0.6000000000000001,-0.5999999999999999,1,-1,-1,1,3,H
3754126,2015-10-24,Arsenal,Everton,2.6,0.8,2.4,1.8,7,1.4,1.4,1.6,0.0,7,1.2000000000000002,-0.5999999999999999,0.7999999999999998,1.8,0,-1,-1,1,1,H
3754133,2015-10-24,Norwich City,West Bromwich Albion,1.8,2.4,1.0,-0.6,6,0.8,1.0,1.4,-0.2,7,1.0,1.4,-0.3999999999999999,-0.39999999999999997,-1,-1,-1,1,-1,A
3754167,2015-10-31,Manchester City,Norwich City,2.6,1.6,1.4,1.0,6,1.2,2.4,0.4,-1.2,7,1.4000000000000001,-0.7999999999999998,0.9999999999999999,2.2,-1,-1,-1,1,1,H
3754145,2015-08-10,West Bromwich Albion,Manchester City,0.0,0.0,0.0,0.0,7,0.0,0.0,0.0,0.0,4208,0.0,0.0,0.0,0.0,-4201,-1,-1,1,-3,A
3754153,2015-12-19,Stoke City,Crystal Palace,0.8,0.4,2.0,0.4,7,1.8,0.8,2.0,1.0,7,-1.0,-0.4,0.0,-0.6,0,-1,-1,1,-1,A
3754143,2015-12-06,Newcastle United,Liverpool,0.4,2.2,0.8,-1.8,8,2.0,1.0,2.0,1.0,7,-1.6,1.2000000000000002,-1.2,-2.8,1,-1,-1,1,2,H
3754186,2015-11-28,Leicester City,Manchester United,2.2,1.0,2.6,1.2,7,1.4,0.2,2.2,1.2,7,0.8000000000000003,0.8,0.3999999999999999,0.0,0,-1,-1,1,0,D
3754130,2015-12-28,Norwich City,Aston Villa,0.8,1.6,1.0,-0.8,2,1.0,1.6,0.6,-0.6,2,-0.19999999999999996,0.0,0.4,-0.20000000000000007,0,-1,-1,1,2,H
3754188,2015-12-19,Southampton,Tottenham Hotspur,0.6,1.2,0.8,-0.6,7,1.4,1.0,1.2,0.4,6,-0.7999999999999999,0.19999999999999996,-0.3999999999999999,-1.0,1,-1,-1,1,-2,A
3754178,2015-11-28,Aston Villa,Watford,0.4,2.2,0.2,-1.8,7,1.2,1.4,1.2,-0.2,7,-0.7999999999999999,0.8000000000000003,-1.0,-1.6,0,-1,-1,1,-1,A
3754157,2015-11-28,AFC Bournemouth,Everton,0.8,3.0,0.2,-2.2,7,2.4,1.6,1.4,0.8,7,-1.5999999999999999,1.4,-1.2,-3.0,0,-1,-1,1,0,D
3754166,2015-12-19,Everton,Leicester City,2.0,1.2,1.4,0.8,7,2.2,0.6,2.6,1.6,5,-0.20000000000000018,0.6,-1.2000000000000002,-0.8,2,-1,-1,1,-1,A
3754211,2015-11-21,Newcastle United,Leicester City,1.6,2.2,1.4,-0.6,14,2.0,1.2,2.6,0.8,14,-0.3999999999999999,1.0000000000000002,-1.2000000000000002,-1.4,0,-1,-1,1,-3,A
3754150,2015-11-28,Sunderland,Stoke City,1.2,1.6,1.2,-0.4,5,0.6,0.4,2.0,0.2,7,0.6,1.2000000000000002,-0.8,-0.6000000000000001,-2,-1,-1,1,2,H
3754218,2015-12-12,Crystal Palace,Southampton,1.6,0.8,1.6,0.8,5,1.0,1.0,1.4,0.0,7,0.6000000000000001,-0.19999999999999996,0.20000000000000018,0.8,-2,-1,-1,1,1,H
3754205,2015-08-29,Newcastle United,Arsenal,0.8,1.4,0.6,-0.6,7,1.0,0.8,2.0,0.2,5,-0.19999999999999996,0.5999999999999999,-1.4,-0.8,2,-1,-1,1,-1,A
3754221,2015-08-30,Swansea City,Manchester United,1.6666666666666667,1.0,1.6666666666666667,0.6666666666666666,8,0.6,0.2,1.8,0.4,8,1.0666666666666669,0.8,-0.1333333333333333,0.2666666666666666,0,-1,-1,1,1,H
3754198,2015-10-17,Tottenham Hotspur,Liverpool,1.6,0.6,2.2,1.0,13,1.2,2.0,1.0,-0.8,13,0.40000000000000013,-1.4,1.2000000000000002,1.8,0,-1,-1,1,0,D
3754193,2015-10-17,Manchester City,AFC Bournemouth,2.2,1.4,1.8,0.8,14,1.2,1.4,1.0,-0.2,14,1.0000000000000002,0.0,0.8,1.0,0,-1,-1,1,4,H
3754222,2015-09-20,Tottenham Hotspur,Crystal Palace,0.8,0.8,1.2,0.0,7,1.6,1.2,1.8,0.4,8,-0.8,-0.3999999999999999,-0.6000000000000001,-0.4,-1,-1,-1,1,1,H
3754213,2015-09-12,Watford,Swansea City,0.5,1.0,0.75,-0.5,14,1.75,1.0,2.0,0.75,13,-1.25,0.0,-1.25,-1.25,1,-1,-1,1,1,H
3754212,2015-09-26,Liverpool,Aston Villa,0.6,1.4,1.0,-0.8,6,1.0,1.8,0.2,-0.8,7,-0.4,-0.40000000000000013,0.8,0.0,-1,-1,-1,1,1,H
3754223,2015-10-31,Crystal Palace,Manchester United,0.8,1.0,1.2,-0.2,7,1.8,1.0,2.0,0.8,6,-1.0,0.0,-0.8,-1.0,1,-1,-1,1,0,D
3754197,2015-09-26,Tottenham Hotspur,Manchester City,1.0,0.6,1.8,0.4,6,1.8,0.4,2.4,1.4,7,-0.8,0.19999999999999996,-0.5999999999999999,-0.9999999999999999,-1,-1,-1,1,3,H
3754208,2015-11-21,Manchester City,Liverpool,2.6,0.6,2.2,2.0,13,1.2,1.0,1.2,0.2,13,1.4000000000000001,-0.4,1.0000000000000002,1.8,0,-1,-1,1,-3,A
3754204,2015-08-29,Aston Villa,Sunderland,0.4,1.4,0.6,-1.0,7,1.3333333333333333,2.6666666666666665,0.3333333333333333,-1.3333333333333333,7,-0.9333333333333332,-1.2666666666666666,0.26666666666666666,0.33333333333333326,0,-1,-1,1,0,D
3754194,2015-11-07,West Ham United,Everton,1.8,1.6,1.6,0.2,7,2.2,2.0,1.4,0.2,6,-0.40000000000000013,-0.3999999999999999,0.20000000000000018,0.0,1,-1,-1,1,0,D
3754219,2015-12-19,West Bromwich Albion,AFC Bournemouth,1.2,1.4,1.2,-0.2,6,1.6,1.4,1.6,0.2,7,-0.40000000000000013,0.0,-0.40000000000000013,-0.4,-1,-1,-1,1,-1,A
3754254,2015-08-22,Manchester United,Newcastle United,0.75,0.25,2.0,0.5,8,1.0,1.75,0.5,-0.75,7,-0.25,-1.5,1.5,1.25,1,-1,-1,1,0,D
3754230,2015-10-25,Liverpool,Southampton,1.2,1.4,1.2,-0.2,8,2.0,1.4,1.6,0.6,8,-0.8,0.0,-0.40000000000000013,-0.8,0,-1,-1,1,0,D
3754285,2015-12-26,Aston Villa,West Ham United,0.8,2.2,0.4,-1.4,7,0.4,1.0,0.8,-0.6,6,0.4,1.2000000000000002,-0.4,-0.7999999999999999,1,-1,-1,1,0,D
3754233,2015-08-23,Everton,Manchester City,1.75,1.25,1.25,0.5,8,2.0,1.0,1.5,1.0,7,-0.25,0.25,-0.25,-0.5,1,-1,-1,1,-2,A
3754270,2015-08-15,Tottenham Hotspur,Stoke City,1.0,1.6666666666666667,0.3333333333333333,-0.6666666666666666,7,0.0,0.0,0.0,0.0,6,1.0,1.6666666666666667,0.3333333333333333,-0.6666666666666666,1,-1,-1,1,0,D
3754237,2015-08-08,Leicester City,Sunderland,0.0,0.0,0.0,0.0,4102,0.0,0.0,0.0,0.0,7,0.0,0.0,0.0,0.0,4095,-1,-1,1,2,H
3754257,2015-09-12,Crystal Palace,Manchester City,2.0,1.25,2.25,0.75,14,2.2,0.4,2.4,1.8,14,-0.20000000000000018,0.85,-0.1499999999999999,-1.05,0,-1,-1,1,-1,A
3754266,2015-09-27,Watford,Crystal Palace,0.6,0.6,1.6,0.0,8,1.0,1.2,1.2,-0.2,7,-0.4,-0.6,0.40000000000000013,0.2,1,-1,-1,1,-1,A
3754256,2015-10-17,Everton,Manchester United,1.4,0.8,1.8,0.6,13,2.0,1.6,1.8,0.4,13,-0.6000000000000001,-0.8,0.0,0.19999999999999996,0,-1,-1,1,-3,A
3754288,2015-10-24,West Ham United,Chelsea,2.2,1.2,2.2,1.0,7,1.6,1.6,1.4,0.0,7,0.6000000000000001,-0.40000000000000013,0.8000000000000003,1.0,0,-1,-1,1,1,H
3754238,2015-11-07,AFC Bournemouth,Newcastle United,0.8,3.0,0.2,-2.2,6,1.8,2.6,1.0,-0.8,7,-1.0,0.3999999999999999,-0.8,-1.4000000000000001,-1,-1,-1,1,-1,A
3754269,2015-10-19,Swansea City,Stoke City,1.0,1.4,1.0,-0.4,15,1.0,1.2,1.4,-0.2,16,0.0,0.19999999999999996,-0.3999999999999999,-0.2,-1,-1,-1,1,-1,A
3754234,2015-10-25,AFC Bournemouth,Tottenham Hotspur,1.2,2.2,0.8,-1.0,8,1.6,0.6,2.2,1.0,8,-0.40000000000000013,1.6,-1.4000000000000001,-2.0,0,-1,-1,1,-4,A
3754246,2015-08-29,Manchester City,Watford,2.0,0.8,1.8,1.2,6,0.6666666666666666,0.6666666666666666,1.0,0.0,6,1.3333333333333335,0.13333333333333341,0.8,1.2,0,-1,-1,1,2,H
3754273,2015-10-31,Watford,West Ham United,1.0,1.2,1.4,-0.2,7,2.2,1.4,2.2,0.8,7,-1.2000000000000002,-0.19999999999999996,-0.8000000000000003,-1.0,0,-1,-1,1,2,H
3754263,2015-10-24,Leicester City,Crystal Palace,2.2,2.4,1.6,-0.2,7,0.8,1.0,1.2,-0.2,7,1.4000000000000001,1.4,0.40000000000000013,0.0,0,-1,-1,1,1,H
3754268,2015-08-29,Tottenham Hotspur,Everton,1.2,1.6,0.6,-0.4,7,1.4,1.4,1.0,0.0,6,-0.19999999999999996,0.20000000000000018,-0.4,-0.4,1,-1,-1,1,0,D
3754286,2015-12-05,Watford,Norwich City,1.8,1.2,1.8,0.6,7,0.6,1.0,0.8,-0.4,6,1.2000000000000002,0.19999999999999996,1.0,1.0,1,-1,-1,1,2,H
3754291,2015-12-28,Watford,Tottenham Hotspur,2.2,0.8,2.6,1.4,2,1.4,0.6,1.6,0.8,2,0.8000000000000003,0.20000000000000007,1.0,0.5999999999999999,0,-1,-1,1,-1,A
3754283,2015-11-21,Everton,Aston Villa,1.8,1.8,1.0,0.0,14,0.4,1.6,0.2,-1.2,13,1.4,0.19999999999999996,0.8,1.2,1,-1,-1,1,4,H
3754235,2015-11-29,West Ham United,West Bromwich Albion,1.4,1.8,1.4,-0.4,7,1.2,1.2,1.8,0.0,8,0.19999999999999996,0.6000000000000001,-0.40000000000000013,-0.4,-1,-1,-1,1,0,D
3754279,2015-12-26,Swansea City,West Bromwich Albion,0.6,1.6,0.4,-1.0,6,1.4,1.4,1.2,0.0,7,-0.7999999999999999,0.20000000000000018,-0.7999999999999999,-1.0,-1,-1,-1,1,1,H
3754276,2015-12-13,Tottenham Hotspur,Newcastle United,1.8,0.8,1.8,1.0,8,0.8,1.6,1.4,-0.8,7,1.0,-0.8,0.40000000000000013,1.8,1,-1,-1,1,-1,A
3754287,2015-12-26,Chelsea,Watford,1.0,0.8,1.4,0.2,7,2.0,0.8,2.4,1.2,6,-1.0,0.0,-1.0,-1.0,1,-1,-1,1,0,D
3754259,2015-12-20,Swansea City,West Ham United,0.6,1.8,0.2,-1.2,8,0.6,1.2,0.8,-0.6,8,0.0,0.6000000000000001,-0.6000000000000001,-0.6,0,-1,-1,1,0,D
3754335,2015-10-03,Norwich City,Leicester City,1.4,1.6,1.2,-0.2,7,1.8,2.2,1.2,-0.4,7,-0.40000000000000013,-0.6000000000000001,0.0,0.2,0,-1,-1,1,-1,A
3754298,2015-09-19,Swansea City,Everton,1.4,1.0,1.6,0.4,7,1.6,1.0,1.6,0.6,7,-0.20000000000000018,0.0,0.0,-0.19999999999999996,0,-1,-1,1,0,D
3754315,2015-09-12,Norwich City,AFC Bournemouth,1.25,2.0,1.0,-0.75,13,1.25,1.5,1.0,-0.25,14,0.0,0.5,0.0,-0.5,-1,-1,-1,1,2,H
3754330,2015-10-03,Aston Villa,Stoke City,1.4,2.2,0.2,-0.8,7,1.0,1.4,1.0,-0.4,7,0.3999999999999999,0.8000000000000003,-0.8,-0.4,0,-1,-1,1,-1,A
3754337,2015-08-30,Southampton,Norwich City,0.4,1.6,0.4,-1.2,7,1.6666666666666667,1.6666666666666667,1.3333333333333333,0.0,8,-1.2666666666666666,-0.06666666666666665,-0.9333333333333332,-1.2,-1,-1,-1,1,3,H
3754297,2015-11-07,Manchester United,West Bromwich Albion,1.2,0.6,1.6,0.6,7,1.2,1.6,1.2,-0.4,7,0.0,-1.0,0.40000000000000013,1.0,0,-1,-1,1,2,H
3754301,2015-11-21,West Bromwich Albion,Arsenal,0.8,1.4,1.2,-0.6,14,2.4,0.4,2.6,2.0,13,-1.5999999999999999,0.9999999999999999,-1.4000000000000001,-2.6,1,-1,-1,1,1,H
3754323,2015-09-26,West Ham United,Norwich City,2.2,1.4,1.8,0.8,7,1.6,1.4,1.6,0.2,6,0.6000000000000001,0.0,0.19999999999999996,0.6000000000000001,1,-1,-1,1,0,D
3754304,2015-11-28,Crystal Palace,Newcastle United,0.6,1.2,0.8,-0.6,5,1.4,1.6,1.4,-0.2,7,-0.7999999999999999,-0.40000000000000013,-0.5999999999999999,-0.39999999999999997,-2,-1,-1,1,4,H
3754311,2015-11-07,Norwich City,Swansea City,1.2,2.6,0.2,-1.4,7,1.0,2.0,0.8,-1.0,7,0.19999999999999996,0.6000000000000001,-0.6000000000000001,-0.3999999999999999,0,-1,-1,1,1,H
3754328,2015-12-12,Manchester City,Swansea City,1.2,1.6,1.4,-0.4,7,0.4,2.0,0.2,-1.6,7,0.7999999999999999,-0.3999999999999999,1.2,1.2000000000000002,0,-1,-1,1,1,H
3754325,2015-09-12,West Bromwich Albion,Southampton,0.75,1.5,1.0,-0.75,14,1.0,1.4,1.0,-0.4,13,-0.25,0.10000000000000009,0.0,-0.35,1,-1,-1,1,0,D
3754329,2015-09-14,West Ham United,Newcastle United,2.25,1.5,1.5,0.75,16,0.4,1.0,0.6,-0.6,16,1.85,0.5,0.9,1.35,0,-1,-1,1,2,H
3754302,2015-10-17,Southampton,Leicester City,2.2,1.0,2.0,1.2,14,2.0,2.2,1.6,-0.2,14,0.20000000000000018,-1.2000000000000002,0.3999999999999999,1.4,0,-1,-1,1,0,D
3754013,2015-12-14,Leicester City,Chelsea,2.4,0.8,2.6,1.6,9,0.4,1.0,0.8,-0.6,9,2.0,-0.19999999999999996,1.8,2.2,0,-1,-1,1,1,H
3754044,2015-12-19,Manchester United,Norwich City,1.2,0.8,1.6,0.4,7,0.6,1.0,1.0,-0.4,7,0.6,-0.19999999999999996,0.6000000000000001,0.8,0,-1,-1,1,-1,A
3754351,2015-11-08,Liverpool,Crystal Palace,1.6,1.0,1.8,0.6,8,0.8,0.8,1.4,0.0,8,0.8,0.19999999999999996,0.40000000000000013,0.6,0,-1,-1,1,-1,A
3754343,2015-12-26,Liverpool,Leicester City,1.4,1.6,1.4,-0.2,6,2.4,0.8,2.6,1.6,7,-1.0,0.8,-1.2000000000000002,-1.8,-1,-1,-1,1,1,H
3754109,2015-11-22,Tottenham Hotspur,West Ham United,2.2,1.0,1.8,1.2,14,1.6,1.4,1.6,0.2,15,0.6000000000000001,-0.3999999999999999,0.19999999999999996,1.0,-1,-1,-1,1,3,H
3754182,2015-12-12,Norwich City,Everton,0.6,1.2,0.8,-0.6,7,3.0,1.4,1.8,1.6,5,-2.4,-0.19999999999999996,-1.0,-2.2,2,-1,-1,1,0,D
3754240,2015-09-12,Arsenal,Stoke City,1.0,0.8,2.0,0.2,14,0.75,1.25,0.5,-0.5,14,0.25,-0.44999999999999996,1.5,0.7,0,-1,-1,1,2,H
3754336,2015-09-12,Everton,Chelsea,1.2,1.0,1.2,0.2,14,1.4,2.2,0.8,-0.8,14,-0.19999999999999996,-1.2000000000000002,0.3999999999999999,1.0,0,-1,-1,1,2,H
3754247,2015-11-21,Southampton,Stoke City,1.8,0.8,2.2,1.0,14,0.6,0.4,2.0,0.2,14,1.2000000000000002,0.4,0.20000000000000018,0.8,0,-1,-1,1,-1,A
3754156,2015-11-07,Leicester City,Watford,2.0,2.0,2.0,0.0,7,1.0,1.0,1.4,0.0,7,1.0,1.0,0.6000000000000001,0.0,0,-1,-1,1,1,H
3754265,2015-11-08,Arsenal,Tottenham Hotspur,3.2,0.6,3.0,2.6,8,2.8,1.0,2.2,1.8,6,0.40000000000000036,-0.4,0.7999999999999998,0.8,2,-1,-1,1,0,D
3754000,2015-11-07,Sunderland,Southampton,1.4,2.4,0.8,-1.0,6,2.2,1.0,2.2,1.2,6,-0.8000000000000003,1.4,-1.4000000000000001,-2.2,0,-1,-1,1,-1,A
3754003,2015-09-12,Manchester United,Liverpool,0.8,0.6,1.6,0.2,13,0.8,1.4,1.4,-0.6,14,0.0,-0.7999999999999999,0.20000000000000018,0.8,-1,-1,-1,1,2,H
3754344,2015-08-15,Swansea City,Newcastle United,0.0,0.0,0.0,0.0,7,1.3333333333333333,1.6666666666666667,0.6666666666666666,-0.3333333333333333,6,-1.3333333333333333,-1.6666666666666667,-0.6666666666666666,0.3333333333333333,1,-1,-1,1,2,H
3754131,2015-08-22,West Ham United,AFC Bournemouth,0.0,0.0,0.0,0.0,7,0.0,0.0,0.0,0.0,5,0.0,0.0,0.0,0.0,2,-1,-1,1,-1,A
3754300,2015-08-08,Everton,Watford,0.0,0.0,0.0,0.0,4231,0.0,0.0,0.0,0.0,7,0.0,0.0,0.0,0.0,4224,-1,-1,1,0,D
3754312,2015-08-16,Crystal Palace,Arsenal,0.0,0.0,0.0,0.0,8,0.8,0.8,1.6,0.0,7,-0.8,-0.8,-1.6,0.0,1,-1,-1,1,-1,A
3754138,2015-08-08,Norwich City,Crystal Palace,0.0,0.0,0.0,0.0,7,0.0,0.0,0.0,0.0,7,0.0,0.0,0.0,0.0,0,-1,-1,1,-2,A
3754203,2015-08-15,West Ham United,Leicester City,0.0,0.0,0.0,0.0,6,2.0,1.6666666666666667,1.3333333333333333,0.3333333333333333,7,-2.0,-1.6666666666666667,-1.3333333333333333,-0.3333333333333333,-1,-1,-1,1,-1,A
3754190,2015-08-22,Crystal Palace,Aston Villa,0.0,0.0,0.0,0.0,6,0.25,1.25,0.75,-1.0,8,-0.25,-1.25,-0.75,1.0,-2,-1,-1,1,1,H
3754066,2015-08-16,Manchester City,Chelsea,1.6666666666666667,1.3333333333333333,1.0,0.3333333333333333,6,1.3333333333333333,2.0,0.3333333333333333,-0.6666666666666666,8,0.3333333333333335,-0.6666666666666667,0.6666666666666667,1.0,-2,-1,-1,1,3,H
3754034,2015-08-15,Southampton,Everton,0.6666666666666666,1.6666666666666667,0.3333333333333333,-1.0,6,1.3333333333333333,1.6666666666666667,0.6666666666666666,-0.3333333333333333,7,-0.6666666666666666,0.0,-0.3333333333333333,-0.6666666666666667,-1,-1,-1,1,-3,A
3753985,2015-08-09,Stoke City,Liverpool,0.0,0.0,0.0,0.0,7,0.0,0.0,0.0,0.0,4139,0.0,0.0,0.0,0.0,-4132,-1,-1,1,-1,A
3753987,2015-08-22,Leicester City,Tottenham Hotspur,2.0,1.5,1.75,0.5,7,1.25,1.75,0.5,-0.5,7,0.75,-0.25,1.25,1.0,0,-1,-1,1,0,D
3754189,2015-08-23,Watford,Southampton,0.0,0.0,0.0,0.0,8,0.5,2.0,0.25,-1.5,8,-0.5,-2.0,-0.25,1.5,0,-1,-1,1,0,D
3754180,2015-08-22,Sunderland,Swansea City,0.0,0.0,0.0,0.0,7,0.0,0.0,0.0,0.0,7,0.0,0.0,0.0,0.0,0,-1,-1,1,0,D
3754059,2015-08-23,West Bromwich Albion,Chelsea,0.0,0.0,0.0,0.0,8,1.0,2.25,0.25,-1.25,7,-1.0,-2.25,-0.25,1.25,1,-1,-1,1,-1,A
3754065,2016-01-13,Tottenham Hotspur,Leicester City,1.8,0.8,2.0,1.0,10,1.0,0.8,1.6,0.2,11,0.8,0.0,0.3999999999999999,0.8,-1,-1,-1,1,-1,A
3754173,2015-12-28,Arsenal,AFC Bournemouth,1.6,1.4,2.0,0.2,2,1.6,1.0,2.2,0.6,2,0.0,0.3999999999999999,-0.20000000000000018,-0.39999999999999997,0,-1,-1,1,2,H
3753975,2016-01-23,Sunderland,AFC Bournemouth,1.8,2.4,1.2,-0.6,7,0.8,1.0,1.0,-0.2,7,1.0,1.4,0.19999999999999996,-0.39999999999999997,0,-1,-1,1,0,D
3753976,2016-03-02,Arsenal,Swansea City,1.2,1.0,1.4,0.2,3,1.0,1.2,1.0,-0.2,3,0.19999999999999996,-0.19999999999999996,0.3999999999999999,0.4,0,-1,-1,1,-1,A
3753981,2016-01-12,Aston Villa,Crystal Palace,0.6,1.8,0.4,-1.2,10,0.6,0.8,1.6,-0.2,9,0.0,1.0,-1.2000000000000002,-1.0,1,-1,-1,1,1,H
3753991,2016-03-02,Liverpool,Manchester City,2.6,1.8,1.4,0.8,17,1.8,1.4,1.4,0.4,17,0.8,0.40000000000000013,0.0,0.4,0,-1,-1,1,3,H
3753997,2016-02-02,West Ham United,Aston Villa,2.0,1.2,2.0,0.8,10,0.6,1.2,1.0,-0.6,10,1.4,0.0,1.0,1.4,0,-1,-1,1,2,H
3753998,2015-12-28,West Ham United,Southampton,0.4,0.4,1.0,0.0,2,1.2,1.4,0.8,-0.2,2,-0.7999999999999999,-0.9999999999999999,0.19999999999999996,0.2,0,-1,-1,1,1,H
3754004,2016-01-16,AFC Bournemouth,Norwich City,0.6,1.2,1.0,-0.6,4,1.2,1.4,1.8,-0.2,3,-0.6,-0.19999999999999996,-0.8,-0.39999999999999997,1,-1,-1,1,3,H
3754005,2016-03-02,Stoke City,Newcastle United,1.0,2.2,1.2,-1.2,4,1.0,2.2,1.2,-1.2,18,0.0,0.0,0.0,0.0,-14,-1,-1,1,1,H
3754012,2016-02-27,Southampton,Chelsea,1.2,0.0,2.6,1.2,14,2.0,1.0,1.8,1.0,14,-0.8,-1.0,0.8,0.19999999999999996,0,-1,-1,1,-1,A
3754019,2015-12-28,Manchester United,Chelsea,0.6,1.4,0.4,-0.8,2,1.2,1.2,1.0,0.0,2,-0.6,0.19999999999999996,-0.6,-0.8,0,-1,-1,1,0,D
3754021,2016-01-12,AFC Bournemouth,West Ham United,0.8,0.8,1.6,0.0,10,1.0,0.4,1.8,0.6,10,-0.19999999999999996,0.4,-0.19999999999999996,-0.6,0,-1,-1,1,-2,A
3754027,2016-01-16,Tottenham Hotspur,Sunderland,1.6,0.6,2.0,1.0,3,1.8,2.2,1.2,-0.4,3,-0.19999999999999996,-1.6,0.8,1.4,0,-1,-1,1,3,H
3754031,2016-02-13,Sunderland,Manchester United,1.6,2.0,1.0,-0.4,7,1.6,1.0,1.6,0.6,6,0.0,1.0,-0.6000000000000001,-1.0,1,-1,-1,1,1,H
3754032,2016-01-13,Stoke City,Norwich City,1.6,1.4,1.4,0.2,11,1.2,1.0,2.0,0.2,11,0.40000000000000013,0.3999999999999999,-0.6000000000000001,0.0,0,-1,-1,1,2,H
3754036,2016-01-02,Sunderland,Aston Villa,0.6,2.4,0.0,-1.8,3,0.6,1.4,0.6,-0.8,5,0.0,1.0,-0.6,-1.0,-2,-1,-1,1,2,H
3754062,2016-01-13,Chelsea,West Bromwich Albion,1.8,1.0,1.6,0.8,10,1.2,1.2,1.4,0.0,11,0.6000000000000001,-0.19999999999999996,0.20000000000000018,0.8,-1,-1,-1,1,0,D
3754069,2016-01-02,Arsenal,Newcastle United,1.8,1.2,2.4,0.6,5,1.0,0.8,1.4,0.2,5,0.8,0.3999999999999999,1.0,0.39999999999999997,0,-1,-1,1,1,H
3754071,2016-01-13,Swansea City,Sunderland,0.6,0.8,1.0,-0.2,11,1.0,2.0,0.6,-1.0,11,-0.4,-1.2,0.4,0.8,0,-1,-1,1,-2,A
3754080,2016-02-06,Tottenham Hotspur,Watford,2.2,0.8,2.0,1.4,4,0.6,1.2,0.8,-0.6,3,1.6,-0.3999999999999999,1.2,2.0,1,-1,-1,1,1,H
3754084,2016-01-23,West Bromwich Albion,Aston Villa,1.0,1.4,1.4,-0.4,7,0.8,1.4,1.0,-0.6,7,0.19999999999999996,0.0,0.3999999999999999,0.19999999999999996,0,-1,-1,1,0,D
3754088,2016-01-12,Newcastle United,Manchester United,0.6,1.0,0.8,-0.4,10,0.8,1.4,0.8,-0.6,10,-0.20000000000000007,-0.3999999999999999,0.0,0.19999999999999996,0,-1,-1,1,0,D
3754089,2016-02-02,Crystal Palace,AFC Bournemouth,0.2,2.2,0.2,-2.0,10,1.0,1.2,1.0,-0.2,10,-0.8,1.0000000000000002,-0.8,-1.8,0,-1,-1,1,-1,A
3754094,2016-02-02,Manchester United,Stoke City,1.2,1.0,1.6,0.2,10,1.6,1.8,1.4,-0.2,10,-0.40000000000000013,-0.8,0.20000000000000018,0.4,0,-1,-1,1,3,H
3754095,2016-02-02,Sunderland,Manchester City,1.8,1.8,1.4,0.0,10,1.6,0.6,1.8,1.0,10,0.19999999999999996,1.2000000000000002,-0.40000000000000013,-1.0,0,-1,-1,1,-1,A
3754101,2016-01-02,Norwich City,Southampton,1.0,1.4,1.4,-0.4,5,1.2,1.2,0.8,0.0,5,-0.19999999999999996,0.19999999999999996,0.5999999999999999,-0.4,0,-1,-1,1,1,H
3754103,2016-02-03,Watford,Chelsea,0.8,1.6,0.6,-0.8,11,1.8,1.0,1.8,0.8,10,-1.0,0.6000000000000001,-1.2000000000000002,-1.6,1,-1,-1,1,0,D
3754110,2016-01-23,West Ham United,Manchester City,1.8,1.0,2.0,0.8,7,2.0,0.4,2.2,1.6,7,-0.19999999999999996,0.6,-0.20000000000000018,-0.8,0,-1,-1,1,0,D
3754111,2016-01-24,Arsenal,Chelsea,1.2,1.4,1.6,-0.2,7,2.0,1.4,1.4,0.6,8,-0.8,0.0,0.20000000000000018,-0.8,-1,-1,-1,1,-1,A
3754114,2016-01-03,Crystal Palace,Chelsea,0.8,0.4,1.8,0.4,6,1.2,1.2,1.0,0.0,6,-0.3999999999999999,-0.7999999999999999,0.8,0.4,0,-1,-1,1,-3,A
3754120,2016-02-06,Southampton,West Ham United,1.2,0.2,2.0,1.0,4,2.0,1.0,2.0,1.0,4,-0.8,-0.8,0.0,0.0,0,-1,-1,1,1,H
3754121,2016-02-27,Watford,AFC Bournemouth,0.8,0.8,1.4,0.0,14,1.4,1.4,1.4,0.0,14,-0.5999999999999999,-0.5999999999999999,0.0,0.0,0,-1,-1,1,0,D
3754122,2016-01-02,West Bromwich Albion,Stoke City,1.0,1.2,1.0,-0.2,5,1.8,1.0,2.0,0.8,5,-0.8,0.19999999999999996,-1.0,-1.0,0,-1,-1,1,1,H
3754125,2016-01-16,Chelsea,Everton,2.0,1.0,1.8,1.0,3,1.4,1.6,1.0,-0.2,3,0.6000000000000001,-0.6000000000000001,0.8,1.2,0,-1,-1,1,0,D
3754127,2016-02-06,Stoke City,Everton,0.8,1.8,0.8,-1.0,4,1.6,1.2,1.2,0.4,3,-0.8,0.6000000000000001,-0.3999999999999999,-1.4,1,-1,-1,1,-3,A
3754139,2016-02-13,Swansea City,Southampton,1.4,1.4,1.6,0.0,7,1.4,0.0,2.6,1.4,7,0.0,1.4,-1.0,-1.4,0,-1,-1,1,-1,A
3754140,2016-01-03,Everton,Tottenham Hotspur,1.6,1.8,1.0,-0.2,6,1.8,0.8,2.0,1.0,6,-0.19999999999999996,1.0,-1.0,-1.2,0,-1,-1,1,0,D
3754142,2016-01-13,Manchester City,Everton,1.8,1.0,2.0,0.8,11,1.6,1.8,1.0,-0.2,10,0.19999999999999996,-0.8,1.0,1.0,1,-1,-1,1,0,D
3754147,2016-02-14,Manchester City,Tottenham Hotspur,1.6,1.0,1.6,0.6,8,2.2,0.6,2.4,1.6,8,-0.6000000000000001,0.4,-0.7999999999999998,-1.0,0,-1,-1,1,-1,A
3754161,2016-01-18,Swansea City,Watford,0.8,1.2,1.0,-0.4,5,1.4,1.6,0.8,-0.2,5,-0.5999999999999999,-0.40000000000000013,0.19999999999999996,-0.2,0,-1,-1,1,1,H
3754163,2016-01-24,Everton,Swansea City,1.6,1.6,1.2,0.0,8,1.0,1.2,1.4,-0.2,6,0.6000000000000001,0.40000000000000013,-0.19999999999999996,0.2,2,-1,-1,1,-1,A
3754168,2016-01-16,Southampton,West Bromwich Albion,1.4,1.0,1.2,0.4,3,1.2,1.2,1.4,0.0,3,0.19999999999999996,-0.19999999999999996,-0.19999999999999996,0.4,0,-1,-1,1,3,H
3754179,2016-01-23,Crystal Palace,Tottenham Hotspur,0.0,1.6,0.4,-1.6,7,2.0,0.8,2.0,1.2,7,-2.0,0.8,-1.6,-2.8,0,-1,-1,1,-2,A
3754183,2016-01-13,Southampton,Watford,1.0,1.2,0.6,-0.2,11,1.6,1.2,1.4,0.4,11,-0.6000000000000001,0.0,-0.7999999999999999,-0.6000000000000001,0,-1,-1,1,2,H
3754191,2015-11-01,Southampton,AFC Bournemouth,2.2,1.6,1.6,0.6,7,1.2,2.6,0.8,-1.4,7,1.0000000000000002,-1.0,0.8,2.0,0,-1,-1,1,2,H
3754195,2015-12-28,West Bromwich Albion,Newcastle United,1.0,1.4,0.6,-0.4,2,1.2,1.6,1.4,-0.4,2,-0.19999999999999996,-0.20000000000000018,-0.7999999999999999,0.0,0,-1,-1,1,1,H
3754200,2016-01-23,Manchester United,Southampton,1.2,1.2,1.6,0.0,6,2.0,0.6,1.8,1.4,7,-0.8,0.6,-0.19999999999999996,-1.4,-1,-1,-1,1,-1,A
3754201,2016-02-02,Arsenal,Southampton,1.2,0.8,1.6,0.4,9,1.4,0.6,1.8,0.8,10,-0.19999999999999996,0.20000000000000007,-0.19999999999999996,-0.4,-1,-1,-1,1,0,D
3754202,2016-01-17,Stoke City,Arsenal,2.2,1.6,1.8,0.6,4,1.6,1.6,2.0,0.0,4,0.6000000000000001,0.0,-0.19999999999999996,0.6,0,-1,-1,1,0,D
3754214,2016-02-14,Aston Villa,Liverpool,0.8,0.6,1.6,0.2,8,2.0,2.4,1.0,-0.4,8,-1.2,-1.7999999999999998,0.6000000000000001,0.6000000000000001,0,-1,-1,1,-5,A
3754215,2015-12-05,West Bromwich Albion,Tottenham Hotspur,1.2,1.4,1.4,-0.2,6,2.6,0.8,2.2,1.8,6,-1.4000000000000001,0.5999999999999999,-0.8000000000000003,-2.0,0,-1,-1,1,0,D
3754231,2016-03-01,Leicester City,West Bromwich Albion,2.0,0.6,2.4,1.4,3,1.0,0.8,1.6,0.2,3,1.0,-0.20000000000000007,0.7999999999999998,1.2,0,-1,-1,1,0,D
3754232,2016-03-02,Manchester United,Watford,1.6,1.2,1.4,0.4,3,0.8,0.6,1.6,0.2,4,0.8,0.6,-0.20000000000000018,0.2,-1,-1,-1,1,1,H
3754236,2016-02-27,West Bromwich Albion,Crystal Palace,0.4,1.0,1.0,-0.6,14,0.8,2.4,0.2,-1.6,14,-0.4,-1.4,0.8,1.0,0,-1,-1,1,1,H
3754239,2016-02-28,Manchester United,Arsenal,1.2,0.8,1.4,0.4,15,0.8,0.4,1.6,0.4,14,0.3999999999999999,0.4,-0.20000000000000018,0.0,1,-1,-1,1,1,H
3754244,2016-02-13,Norwich City,West Ham United,1.0,3.2,0.0,-2.2,7,1.6,1.2,1.4,0.4,7,-0.6000000000000001,2.0,-1.4,-2.6,0,-1,-1,1,0,D
3754250,2016-01-16,Aston Villa,Leicester City,0.8,1.4,1.0,-0.6,4,0.8,0.6,1.6,0.2,3,0.0,0.7999999999999999,-0.6000000000000001,-0.8,1,-1,-1,1,0,D
3754251,2016-01-02,West Ham United,Liverpool,0.6,0.4,1.4,0.2,5,0.8,1.4,1.4,-0.6,3,-0.20000000000000007,-0.9999999999999999,0.0,0.8,2,-1,-1,1,2,H
3754252,2016-02-03,Everton,Newcastle United,1.6,2.0,0.6,-0.4,10,1.2,1.6,0.8,-0.4,11,0.40000000000000013,0.3999999999999999,-0.20000000000000007,0.0,-1,-1,-1,1,3,H
3754253,2016-02-07,AFC Bournemouth,Arsenal,1.4,1.0,1.6,0.4,5,0.8,0.8,1.2,0.0,5,0.5999999999999999,0.19999999999999996,0.40000000000000013,0.4,0,-1,-1,1,-2,A
3754260,2016-01-16,Manchester City,Crystal Palace,1.4,0.8,1.6,0.6,3,0.4,1.0,1.0,-0.6,4,0.9999999999999999,-0.19999999999999996,0.6000000000000001,1.2,-1,-1,-1,1,4,H
3754261,2016-02-14,Arsenal,Leicester City,1.0,0.8,1.2,0.2,7,2.0,0.4,2.6,1.6,8,-1.0,0.4,-1.4000000000000001,-1.4000000000000001,-1,-1,-1,1,1,H
3754264,2016-02-13,Chelsea,Newcastle United,1.4,1.2,1.4,0.2,6,1.4,1.8,1.4,-0.4,7,0.0,-0.6000000000000001,0.0,0.6000000000000001,-1,-1,-1,1,4,H
3754271,2016-01-23,Watford,Newcastle United,0.8,1.8,0.2,-1.0,5,1.0,1.4,0.8,-0.4,7,-0.19999999999999996,0.40000000000000013,-0.6000000000000001,-0.6,-2,-1,-1,1,1,H
3754274,2016-02-13,AFC Bournemouth,Stoke City,1.4,1.4,1.4,0.0,6,0.6,2.0,0.8,-1.4,7,0.7999999999999999,-0.6000000000000001,0.5999999999999999,1.4,-1,-1,-1,1,-2,A
3754275,2016-02-02,Leicester City,Liverpool,1.0,0.2,1.8,0.8,10,1.8,2.0,1.4,-0.2,10,-0.8,-1.8,0.40000000000000013,1.0,0,-1,-1,1,2,H
3754280,2016-03-01,Norwich City,Chelsea,1.2,2.6,0.2,-1.4,3,1.8,0.6,2.2,1.2,3,-0.6000000000000001,2.0,-2.0,-2.5999999999999996,0,-1,-1,1,-1,A
3754281,2016-02-07,Chelsea,Manchester United,1.8,1.0,1.8,0.8,4,1.8,1.0,2.0,0.8,5,0.0,0.0,-0.19999999999999996,0.0,-1,-1,-1,1,0,D
3754290,2016-02-06,Manchester City,Leicester City,1.8,0.6,2.2,1.2,4,1.4,0.2,2.2,1.2,4,0.40000000000000013,0.39999999999999997,0.0,0.0,0,-1,-1,1,-2,A
3754292,2016-02-06,Newcastle United,West Bromwich Albion,1.2,2.0,0.8,-0.8,3,1.0,1.4,1.2,-0.4,4,0.19999999999999996,0.6000000000000001,-0.3999999999999999,-0.4,-1,-1,-1,1,1,H
3754248,2015-12-26,AFC Bournemouth,Crystal Palace,2.0,1.4,2.2,0.6,7,1.8,0.8,2.0,1.0,7,0.19999999999999996,0.5999999999999999,0.20000000000000018,-0.4,0,-1,-1,1,0,D
3754303,2016-02-06,Swansea City,Crystal Palace,1.4,1.6,1.4,-0.2,4,0.4,2.6,0.0,-2.2,4,0.9999999999999999,-1.0,1.4,2.0,0,-1,-1,1,0,D
3754305,2016-01-13,Liverpool,Arsenal,0.8,1.4,1.4,-0.6,11,1.4,1.0,2.4,0.4,11,-0.5999999999999999,0.3999999999999999,-1.0,-1.0,0,-1,-1,1,0,D
3754306,2016-02-06,Aston Villa,Norwich City,0.6,1.2,1.0,-0.6,4,1.2,2.8,0.6,-1.6,4,-0.6,-1.5999999999999999,0.4,1.0,0,-1,-1,1,2,H
3754316,2016-02-06,Liverpool,Sunderland,1.6,2.4,0.8,-0.8,4,1.8,1.8,1.4,0.0,4,-0.19999999999999996,0.5999999999999999,-0.5999999999999999,-0.8,0,-1,-1,1,0,D
3754317,2016-02-02,Norwich City,Tottenham Hotspur,1.6,2.2,1.2,-0.6,10,2.0,1.0,2.0,1.0,10,-0.3999999999999999,1.2000000000000002,-0.8,-1.6,0,-1,-1,1,-3,A
3754319,2016-01-02,Manchester United,Swansea City,0.4,1.2,0.4,-0.8,5,0.4,1.0,1.0,-0.6,5,0.0,0.19999999999999996,-0.6,-0.20000000000000007,0,-1,-1,1,1,H
3754321,2016-02-27,Stoke City,Aston Villa,0.6,2.0,0.8,-1.4,14,0.6,1.8,1.0,-1.2,13,0.0,0.19999999999999996,-0.19999999999999996,-0.19999999999999996,1,-1,-1,1,1,H
3754324,2016-02-28,Tottenham Hotspur,Swansea City,2.6,0.6,3.0,2.0,14,1.0,0.8,1.6,0.2,15,1.6,-0.20000000000000007,1.4,1.8,-1,-1,-1,1,1,H
3754326,2015-12-28,Crystal Palace,Swansea City,1.8,0.6,2.2,1.2,2,0.4,1.2,0.8,-0.8,2,1.4,-0.6,1.4000000000000001,2.0,0,-1,-1,1,0,D
3754327,2016-03-01,Aston Villa,Everton,0.6,2.0,0.8,-1.4,3,2.0,1.2,1.4,0.8,17,-1.4,0.8,-0.5999999999999999,-2.2,-14,-1,-1,1,-2,A
3754331,2016-02-27,West Ham United,Sunderland,1.4,1.4,1.0,0.0,14,1.2,1.8,1.0,-0.6,14,0.19999999999999996,-0.40000000000000013,0.0,0.6,0,-1,-1,1,1,H
3754334,2016-03-01,AFC Bournemouth,Southampton,0.8,1.4,1.0,-0.6,3,0.8,0.4,2.0,0.4,3,0.0,0.9999999999999999,-1.0,-1.0,0,-1,-1,1,2,H
3754338,2016-01-16,Newcastle United,West Ham United,0.8,1.4,0.4,-0.6,4,1.6,0.6,2.2,1.0,4,-0.8,0.7999999999999999,-1.8000000000000003,-1.6,0,-1,-1,1,1,H
3754340,2016-02-02,West Bromwich Albion,Swansea City,1.0,1.2,1.6,-0.2,10,1.2,1.4,1.4,-0.2,9,-0.19999999999999996,-0.19999999999999996,0.20000000000000018,0.0,1,-1,-1,1,0,D
3754341,2016-01-23,Leicester City,Stoke City,0.4,0.4,1.2,0.0,7,2.0,1.2,2.0,0.8,6,-1.6,-0.7999999999999999,-0.8,-0.8,1,-1,-1,1,3,H
3754345,2016-01-17,Liverpool,Manchester United,1.0,1.6,1.4,-0.6,4,1.2,1.6,1.0,-0.4,5,-0.19999999999999996,0.0,0.3999999999999999,-0.19999999999999996,-1,-1,-1,1,-1,A
3754346,2016-01-02,Watford,Manchester City,1.8,0.8,2.0,1.0,5,1.4,1.2,1.4,0.2,4,0.40000000000000013,-0.3999999999999999,0.6000000000000001,0.8,1,-1,-1,1,-1,A
3754348,2016-01-23,Norwich City,Liverpool,0.8,1.8,1.2,-1.0,7,1.0,1.2,1.4,-0.2,6,-0.19999999999999996,0.6000000000000001,-0.19999999999999996,-0.8,1,-1,-1,1,-1,A
3754349,2016-03-02,West Ham United,Tottenham Hotspur,1.4,1.0,1.6,0.4,4,2.2,0.6,3.0,1.6,3,-0.8000000000000003,0.4,-1.4,-1.2000000000000002,1,-1,-1,1,1,H
3754350,2016-02-13,Everton,West Bromwich Albion,2.0,1.0,1.6,1.0,7,0.6,1.4,0.6,-0.8,7,1.4,-0.3999999999999999,1.0,1.8,0,-1,-1,1,-1,A
3754258,2015-11-08,Aston Villa,Manchester City,0.8,2.2,0.0,-1.4,6,2.8,1.4,2.0,1.4,8,-1.9999999999999998,0.8000000000000003,-2.0,-2.8,-2,-1,-1,1,0,D
3754020,2015-08-17,Liverpool,AFC Bournemouth,1.3333333333333333,2.0,1.0,-0.6666666666666666,8,0.0,0.0,0.0,0.0,9,1.3333333333333333,2.0,1.0,-0.6666666666666666,-1,-1,-1,1,1,H
3754267,2015-08-15,Watford,West Bromwich Albion,0.0,0.0,0.0,0.0,7,0.0,0.0,0.0,0.0,5,0.0,0.0,0.0,0.0,2,-1,-1,1,0,D
3754141,2015-08-09,Arsenal,West Ham United,1.2,0.8,1.8,0.4,4103,0.0,0.0,0.0,0.0,7,1.2,0.8,1.8,0.4,4096,-1,-1,1,-2,A
3754128,2015-08-08,AFC Bournemouth,Aston Villa,0.0,0.0,0.0,0.0,7,0.0,0.0,0.0,0.0,4220,0.0,0.0,0.0,0.0,-4213,-1,-1,1,-1,A
3754078,2015-08-08,Chelsea,Swansea City,0.0,0.0,0.0,0.0,4186,0.0,0.0,0.0,0.0,7,0.0,0.0,0.0,0.0,4179,-1,-1,1,0,D
3749493,2003-08-16,Arsenal,Everton,0.0,0.0,0.0,0.0,7,0.0,0.0,0.0,0.0,7,0.0,0.0,0.0,0.0,0,-1,-1,1,1,H
3749448,2004-04-09,Arsenal,Liverpool,1.8,0.8,2.6,1.0,12,0.0,0.0,0.0,0.0,188,1.8,0.8,2.6,1.0,-176,-1,-1,1,2,H
3749196,2003-11-08,Arsenal,Tottenham Hotspur,2.4,1.2,2.6,1.2,7,0.0,0.0,0.0,0.0,7,2.4,1.2,2.6,1.2,0,-1,-1,1,1,H
3749454,2003-08-31,Manchester City,Arsenal,0.0,0.0,0.0,0.0,7,2.6666666666666665,0.3333333333333333,3.0,2.3333333333333335,4,-2.6666666666666665,-0.3333333333333333,-3.0,-2.3333333333333335,3,-1,-1,1,-1,A
3749603,2004-05-09,Fulham,Arsenal,0.0,0.0,0.0,0.0,161,1.6,0.6,1.4,1.0,5,-1.6,-0.6,-1.4,-1.0,156,-1,-1,1,-1,A
3749052,2004-02-07,Wolverhampton Wanderers,Arsenal,0.0,0.0,0.0,0.0,43,2.0,0.6,2.6,1.4,6,-2.0,-0.6,-2.6,-1.4,37,-1,-1,1,-2,A
3749296,2003-09-13,Arsenal,Portsmouth,2.5,0.5,3.0,2.0,13,0.0,0.0,0.0,0.0,7,2.5,0.5,3.0,2.0,6,-1,-1,1,0,D
3749522,2003-12-26,Arsenal,Wolverhampton Wanderers,1.2,0.4,1.8,0.8,6,0.0,0.0,0.0,0.0,7,1.2,0.4,1.8,0.8,-1,-1,-1,1,3,H
3749246,2004-03-28,Arsenal,Manchester United,2.0,0.6,3.0,1.4,8,0.0,0.0,0.0,0.0,189,2.0,0.6,3.0,1.4,-181,-1,-1,1,0,D
3749257,2004-05-15,Arsenal,Leicester City,1.8,0.6,1.8,1.2,6,0.0,0.0,0.0,0.0,161,1.8,0.6,1.8,1.2,-155,-1,-1,1,1,H
3749642,2004-02-28,Arsenal,Charlton Athletic,2.2,0.6,3.0,1.6,7,0.0,0.0,0.0,0.0,125,2.2,0.6,3.0,1.6,-118,-1,-1,1,1,H
3749358,2003-08-24,Middlesbrough,Arsenal,0.0,0.0,0.0,0.0,7,0.0,0.0,0.0,0.0,8,0.0,0.0,0.0,0.0,-1,-1,-1,1,-4,A
3749346,2003-11-01,Leeds United,Arsenal,0.0,0.0,0.0,0.0,7,1.6,1.0,2.2,0.6,6,-1.6,-1.0,-2.2,-0.6,1,-1,-1,1,-3,A
3749253,2003-10-04,Liverpool,Arsenal,0.0,0.0,0.0,0.0,7,1.6,0.8,2.2,0.8,8,-1.6,-0.8,-2.2,-0.8,-1,-1,-1,1,-1,A
3749079,2003-10-18,Arsenal,Chelsea,1.6,1.0,2.2,0.6,14,0.0,0.0,0.0,0.0,7,1.6,1.0,2.2,0.6,7,-1,-1,1,1,H
3749465,2004-03-13,Blackburn Rovers,Arsenal,0.0,0.0,0.0,0.0,90,2.2,0.8,3.0,1.4,14,-2.2,-0.8,-3.0,-1.4,76,-1,-1,1,-2,A
3749133,2004-01-18,Aston Villa,Arsenal,0.0,0.0,0.0,0.0,144,2.0,0.6,2.2,1.4,8,-2.0,-0.6,-2.2,-1.4,136,-1,-1,1,-2,A
3749528,2003-09-26,Arsenal,Newcastle United,1.8,0.4,2.2,1.4,5,0.0,0.0,0.0,0.0,7,1.8,0.4,2.2,1.4,-2,-1,-1,1,1,H
3749233,2004-02-01,Arsenal,Manchester City,2.2,0.4,2.6,1.8,14,0.0,0.0,0.0,0.0,154,2.2,0.4,2.6,1.8,-140,-1,-1,1,1,H
3749462,2004-05-01,Arsenal,Birmingham City,2.4,1.0,1.8,1.4,6,0.0,0.0,0.0,0.0,161,2.4,1.0,1.8,1.4,-155,-1,-1,1,0,D
3749552,2003-09-21,Manchester United,Arsenal,0.0,0.0,0.0,0.0,7,2.2,0.6,2.6,1.6,8,-2.2,-0.6,-2.6,-1.6,-1,-1,-1,1,0,D
3749276,2004-02-21,Chelsea,Arsenal,0.0,0.0,0.0,0.0,126,2.6,0.6,3.0,2.0,11,-2.6,-0.6,-3.0,-2.0,115,-1,-1,1,-1,A
3749068,2004-04-25,Tottenham Hotspur,Arsenal,0.0,0.0,0.0,0.0,169,2.4,0.8,2.2,1.6,9,-2.4,-0.8,-2.2,-1.6,160,-1,-1,1,0,D
3749310,2003-12-29,Southampton,Arsenal,0.0,0.0,0.0,0.0,7,1.2,0.4,1.8,0.8,3,-1.2,-0.4,-1.8,-0.8,4,-1,-1,1,-1,A
3749434,2003-11-22,Birmingham City,Arsenal,0.0,0.0,0.0,0.0,7,2.2,1.0,2.6,1.2,14,-2.2,-1.0,-2.6,-1.2,-7,-1,-1,1,-3,A
3749192,2003-11-30,Arsenal,Fulham,2.4,0.8,2.6,1.6,8,0.0,0.0,0.0,0.0,7,2.4,0.8,2.6,1.6,1,-1,-1,1,0,D
3749360,2003-12-14,Arsenal,Blackburn Rovers,2.0,0.6,2.2,1.4,8,0.0,0.0,0.0,0.0,7,2.0,0.6,2.2,1.4,1,-1,-1,1,1,H
3749453,2004-04-16,Arsenal,Leeds United,1.8,0.8,2.2,1.0,5,0.0,0.0,0.0,0.0,167,1.8,0.8,2.2,1.0,-162,-1,-1,1,5,H
3749278,2003-12-20,Bolton Wanderers,Arsenal,0.0,0.0,0.0,0.0,7,1.4,0.4,2.2,1.0,6,-1.4,-0.4,-2.2,-1.0,1,-1,-1,1,0,D
3749274,2004-05-04,Portsmouth,Arsenal,0.0,0.0,0.0,0.0,234,2.2,0.8,1.8,1.4,3,-2.2,-0.8,-1.8,-1.4,231,-1,-1,1,0,D
3749590,2003-12-06,Leicester City,Arsenal,0.0,0.0,0.0,0.0,7,2.0,0.6,2.2,1.4,6,-2.0,-0.6,-2.2,-1.4,1,-1,-1,1,0,D
3749631,2004-02-10,Arsenal,Southampton,2.4,0.8,2.6,1.6,3,0.0,0.0,0.0,0.0,43,2.4,0.8,2.6,1.6,-40,-1,-1,1,2,H
3749117,2004-01-07,Everton,Arsenal,0.0,0.0,0.0,0.0,144,1.4,0.4,2.2,1.0,9,-1.4,-0.4,-2.2,-1.0,135,-1,-1,1,0,D
3749108,2003-08-27,Arsenal,Aston Villa,0.0,0.0,0.0,0.0,3,0.0,0.0,0.0,0.0,7,0.0,0.0,0.0,0.0,-4,-1,-1,1,2,H
3749153,2004-01-10,Arsenal,Middlesbrough,1.4,0.4,2.2,1.0,3,0.0,0.0,0.0,0.0,139,1.4,0.4,2.2,1.0,-136,-1,-1,1,3,H
3749403,2004-03-20,Arsenal,Bolton Wanderers,2.2,0.6,3.0,1.6,7,0.0,0.0,0.0,0.0,91,2.2,0.6,3.0,1.6,-84,-1,-1,1,1,H
3749526,2003-10-26,Charlton Athletic,Arsenal,0.0,0.0,0.0,0.0,7,1.6,1.0,2.2,0.6,8,-1.6,-1.0,-2.2,-0.6,-1,-1,-1,1,0,D
3749431,2004-04-11,Newcastle United,Arsenal,0.0,0.0,0.0,0.0,198,2.2,1.0,2.6,1.2,2,-2.2,-1.0,-2.6,-1.2,196,-1,-1,1,0,D
